Month,Area Planted,Area Harvested,Yield ,Beginning Stocks,Production,Imports," Supply, Total",Crush,Exports,Seed,Residual,"Use, Total",Ending Stocks,Avg. Farm Price ($/bu)  ,Harvested/Planted,Stock to Use
2008/2009,,,,,,,,,,,,,,,,
201007,75.7,74.7,39.7,205.0,2967.0,13.0,3185.0,1662.0,1283.0,90.0,12.0,3047.0,138.0,9.97,0.9867899603698811,0.04529044962257959
201008,75.7,74.7,39.7,205.0,2967.0,13.0,3185.0,1662.0,1279.0,90.0,16.0,3047.0,138.0,9.97,0.9867899603698811,0.04529044962257959
201009,75.7,74.7,39.7,205.0,2967.0,13.0,3185.0,1662.0,1279.0,90.0,16.0,3047.0,138.0,9.97,0.9867899603698811,0.04529044962257959
201010,75.7,74.7,39.7,205.0,2967.0,13.0,3185.0,1662.0,1279.0,90.0,16.0,3047.0,138.0,9.97,0.9867899603698811,0.04529044962257959
201011,75.7,74.7,39.7,205.0,2967.0,13.0,3185.0,1662.0,1279.0,90.0,16.0,3047.0,138.0,9.97,0.9867899603698811,0.04529044962257959
201012,75.7,74.7,39.7,205.0,2967.0,13.0,3185.0,1662.0,1279.0,90.0,16.0,3047.0,138.0,9.97,0.9867899603698811,0.04529044962257959
201101,75.7,74.7,39.7,205.0,2967.0,13.0,3185.0,1662.0,1279.0,90.0,16.0,3047.0,138.0,9.97,0.9867899603698811,0.04529044962257959
201102,75.7,74.7,39.7,205.0,2967.0,13.0,3185.0,1662.0,1279.0,90.0,16.0,3047.0,138.0,9.97,0.9867899603698811,0.04529044962257959
201103,75.7,74.7,39.7,205.0,2967.0,13.0,3185.0,1662.0,1279.0,90.0,16.0,3047.0,138.0,9.97,0.9867899603698811,0.04529044962257959
201104,75.7,74.7,39.7,205.0,2967.0,13.0,3185.0,1662.0,1279.0,90.0,16.0,3047.0,138.0,9.97,0.9867899603698811,0.04529044962257959
2009/2010,,,,,,,,,,,,,,,,
201007,77.5,76.4,44,138.0,3359.0,15.0,3512.0,1745.0,1460.0,92.0,41.0,3338.0,175.0,9.55,0.9858064516129033,0.0524266027561414
201008,77.5,76.4,44,138.0,3359.0,15.0,3512.0,1750.0,1470.0,92.0,41.0,3353.0,160.0,9.6,0.9858064516129033,0.04771846107963018
201009,77.5,76.4,44,138.0,3359.0,15.0,3512.0,1750.0,1495.0,92.0,26.0,3363.0,150.0,9.6,0.9858064516129033,0.04460303300624442
201010,77.5,76.4,44,138.0,3359.0,15.0,3512.0,1752.0,1498.0,90.0,21.0,3361.0,151.0,9.59,0.9858064516129033,0.0449271050282654
201011,77.5,76.4,44,138.0,3359.0,15.0,3512.0,1752.0,1501.0,90.0,18.0,3361.0,151.0,9.59,0.9858064516129033,0.0449271050282654
201012,77.5,76.4,44,138.0,3359.0,15.0,3512.0,1752.0,1501.0,90.0,18.0,3361.0,151.0,9.59,0.9858064516129033,0.0449271050282654
201101,77.5,76.4,44,138.0,3359.0,15.0,3512.0,1752.0,1501.0,90.0,18.0,3361.0,151.0,9.59,0.9858064516129033,0.0449271050282654
201102,77.5,76.4,44,138.0,3359.0,15.0,3512.0,1752.0,1501.0,90.0,18.0,3361.0,151.0,9.59,0.9858064516129033,0.0449271050282654
201103,77.5,76.4,44,138.0,3359.0,15.0,3512.0,1752.0,1501.0,90.0,18.0,3361.0,151.0,9.59,0.9858064516129033,0.0449271050282654
201104,77.5,76.4,44,138.0,3359.0,15.0,3512.0,1752.0,1501.0,90.0,18.0,3361.0,151.0,9.59,0.9858064516129033,0.0449271050282654
201105,77.5,76.4,44,138.0,3359.0,15.0,3512.0,1752.0,1501.0,90.0,18.0,3361.0,151.0,9.59,0.9858064516129033,0.0449271050282654
201106,77.5,76.4,44,138.0,3359.0,15.0,3512.0,1752.0,1501.0,90.0,18.0,3361.0,151.0,9.59,0.9858064516129033,0.0449271050282654
201107,77.5,76.4,44,138.0,3359.0,15.0,3512.0,1752.0,1501.0,90.0,18.0,3361.0,151.0,9.59,0.9858064516129033,0.0449271050282654
201108,77.5,76.4,44,138.0,3359.0,15.0,3512.0,1752.0,1499.0,90.0,20.0,3361.0,151.0,9.59,0.9858064516129033,0.0449271050282654
201109,77.5,76.4,44,138.0,3359.0,15.0,3512.0,1752.0,1499.0,90.0,20.0,3361.0,151.0,9.59,0.9858064516129033,0.0449271050282654
201110,77.5,76.4,44,138.0,3359.0,15.0,3512.0,1752.0,1499.0,90.0,20.0,3361.0,151.0,9.59,0.9858064516129033,0.0449271050282654
201111,77.5,76.4,44,138.0,3359.0,15.0,3512.0,1752.0,1499.0,90.0,20.0,3361.0,151.0,9.59,0.9858064516129033,0.0449271050282654
201112,77.5,76.4,44,138.0,3359.0,15.0,3512.0,1752.0,1499.0,90.0,20.0,3361.0,151.0,9.59,0.9858064516129033,0.0449271050282654
201201,77.5,76.4,44,138.0,3359.0,15.0,3512.0,1752.0,1499.0,90.0,20.0,3361.0,151.0,9.59,0.9858064516129033,0.0449271050282654
201202,77.5,76.4,44,138.0,3359.0,15.0,3512.0,1752.0,1499.0,90.0,20.0,3361.0,151.0,9.59,0.9858064516129033,0.0449271050282654
201203,77.5,76.4,44,138.0,3359.0,15.0,3512.0,1752.0,1499.0,90.0,20.0,3361.0,151.0,9.59,0.9858064516129033,0.0449271050282654
201204,77.5,76.4,44,138.0,3359.0,15.0,3512.0,1752.0,1499.0,90.0,20.0,3361.0,151.0,9.59,0.9858064516129033,0.0449271050282654
2010/2011,,,,,,,,,,,,,,,,
201007,78.9,78,42.9,175.0,3345.0,10.0,3530.0,1645.0,1370.0,88.0,67.0,3170.0,360.0,8.10 - 9.60,0.988593155893536,0.11356466876971609
201008,78.9,78,44,160.0,3433.0,10.0,3603.0,1650.0,1435.0,88.0,70.0,3243.0,360.0,8.50 - 10.00,0.988593155893536,0.11100832562442182
201009,78.9,78,44.7,150.0,3483.0,10.0,3643.0,1650.0,1485.0,88.0,70.0,3293.0,350.0,9.15 - 10.65,0.988593155893536,0.10628606134224111
201010,77.7,76.8,44.4,151.0,3408.0,10.0,3569.0,1665.0,1520.0,88.0,32.0,3305.0,265.0,10.00 - 11.50,0.9884169884169883,0.08018154311649017
201011,77.7,76.8,43.9,151.0,3375.0,10.0,3536.0,1665.0,1570.0,88.0,29.0,3351.0,185.0,10.70 - 12.20,0.9884169884169883,0.055207400775887795
201012,77.7,76.8,43.9,151.0,3375.0,10.0,3536.0,1665.0,1590.0,88.0,29.0,3371.0,165.0,10.70 - 12.20,0.9884169884169883,0.048946900029664786
201101,77.4,76.6,43.5,151.0,3329.0,15.0,3495.0,1655.0,1590.0,88.0,22.0,3355.0,140.0,11.20 - 12.20,0.9896640826873384,0.041728763040238454
201102,77.4,76.6,43.5,151.0,3329.0,15.0,3495.0,1655.0,1590.0,88.0,22.0,3355.0,140.0,11.20 - 12.20,0.9896640826873384,0.041728763040238454
201103,77.4,76.6,43.5,151.0,3329.0,15.0,3495.0,1655.0,1590.0,91.0,19.0,3355.0,140.0,11.10 - 12.10,0.9896640826873384,0.041728763040238454
201104,77.4,76.6,43.5,151.0,3329.0,15.0,3495.0,1650.0,1580.0,89.0,36.0,3355.0,140.0,11.25 - 11.75,0.9896640826873384,0.041728763040238454
201105,77.4,76.6,43.5,151.0,3329.0,15.0,3495.0,1650.0,1550.0,89.0,36.0,3325.0,170.0,11.4,0.9896640826873384,0.05112781954887218
201106,77.4,76.6,43.5,151.0,3329.0,15.0,3495.0,1650.0,1540.0,89.0,36.0,3315.0,180.0,11.4,0.9896640826873384,0.05429864253393665
201107,77.4,76.6,43.5,151.0,3329.0,15.0,3495.0,1650.0,1520.0,87.0,38.0,3295.0,200.0,11.35,0.9896640826873384,0.06069802731411229
201108,77.4,76.6,43.5,151.0,3329.0,15.0,3495.0,1645.0,1495.0,87.0,38.0,3265.0,230.0,11.35,0.9896640826873384,0.07044410413476264
201109,77.4,76.6,43.5,151.0,3329.0,15.0,3495.0,1650.0,1495.0,87.0,38.0,3270.0,225.0,11.35,0.9896640826873384,0.06880733944954129
201110,77.4,76.6,43.5,151.0,3329.0,15.0,3495.0,1648.0,1500.0,87.0,45.0,3280.0,215.0,11.3,0.9896640826873384,0.06554878048780488
201111,77.4,76.6,43.5,151.0,3329.0,14.0,3495.0,1648.0,1501.0,87.0,43.0,3280.0,215.0,11.3,0.9896640826873384,0.06554878048780488
201112,77.4,76.6,43.5,151.0,3329.0,14.0,3495.0,1648.0,1501.0,87.0,43.0,3280.0,215.0,11.3,0.9896640826873384,0.06554878048780488
201201,77.4,76.6,43.5,151.0,3329.0,14.0,3495.0,1648.0,1501.0,87.0,43.0,3280.0,215.0,11.3,0.9896640826873384,0.06554878048780488
201202,77.4,76.6,43.5,151.0,3329.0,14.0,3495.0,1648.0,1501.0,87.0,43.0,3280.0,215.0,11.3,0.9896640826873384,0.06554878048780488
201203,77.4,76.6,43.5,151.0,3329.0,14.0,3495.0,1648.0,1501.0,87.0,43.0,3280.0,215.0,11.3,0.9896640826873384,0.06554878048780488
201204,77.4,76.6,43.5,151.0,3329.0,14.0,3495.0,1648.0,1501.0,87.0,43.0,3280.0,215.0,11.3,0.9896640826873384,0.06554878048780488
201205,77.4,76.6,43.5,151.0,3329.0,14.0,3495.0,1648.0,1501.0,87.0,43.0,3280.0,215.0,11.3,0.9896640826873384,0.06554878048780488
201206,77.4,76.6,43.5,151.0,3329.0,14.0,3495.0,1648.0,1501.0,87.0,43.0,3280.0,215.0,11.3,0.9896640826873384,0.06554878048780488
201207,77.4,76.6,43.5,151.0,3329.0,14.0,3495.0,1648.0,1501.0,87.0,43.0,3280.0,215.0,11.3,0.9896640826873384,0.06554878048780488
201208,77.4,76.6,43.5,151.0,3329.0,14.0,3495.0,1648.0,1501.0,87.0,44.0,3280.0,215.0,11.3,0.9896640826873384,0.06554878048780488
201209,77.4,76.6,43.5,151.0,3329.0,14.0,3495.0,1648.0,1501.0,87.0,44.0,3280.0,215.0,11.3,0.9896640826873384,0.06554878048780488
201210,77.4,76.6,43.5,151.0,3329.0,14.0,3495.0,1648.0,1501.0,87.0,43.0,3280.0,215.0,11.3,0.9896640826873384,0.06554878048780488
201211,77.4,76.6,43.5,151.0,3329.0,14.0,3495.0,1648.0,1501.0,87.0,43.0,3280.0,215.0,11.3,0.9896640826873384,0.06554878048780488
201212,77.4,76.6,43.5,151.0,3329.0,14.0,3495.0,1648.0,1501.0,87.0,43.0,3280.0,215.0,11.3,0.9896640826873384,0.06554878048780488
201301,77.4,76.6,43.5,151.0,3329.0,14.0,3495.0,1648.0,1501.0,87.0,43.0,3280.0,215.0,11.3,0.9896640826873384,0.06554878048780488
201302,77.4,76.6,43.5,151.0,3329.0,14.0,3495.0,1648.0,1501.0,87.0,43.0,3280.0,215.0,11.3,0.9896640826873384,0.06554878048780488
201303,77.4,76.6,43.5,151.0,3329.0,14.0,3495.0,1648.0,1501.0,87.0,43.0,3280.0,215.0,11.3,0.9896640826873384,0.06554878048780488
201304,77.4,76.6,43.5,151.0,3329.0,14.0,3495.0,1648.0,1501.0,87.0,43.0,3280.0,215.0,11.3,0.9896640826873384,0.06554878048780488
2011/2012,,,,,,,,,,,,,,,,
201105,76.6 ,75.7 ,43.4 ,170.0,3285.0,15.0,3470.0,1655.0,1540.0,90.0,25.0,3310.0,160.0,12.00 - 14.00,0.9882506527415145,0.04833836858006042
201106,76.6 ,75.7 ,43.4 ,180.0,3285.0,15.0,3480.0,1655.0,1520.0,90.0,25.0,3290.0,190.0,13.00 - 15.00,0.9882506527415145,0.057750759878419454
201107,75.2 ,74.3 ,43.4 ,200.0,3225.0,15.0,3440.0,1655.0,1495.0,90.0,25.0,3264.0,175.0,12.00 - 14.00,0.988031914893617,0.05361519607843137
201108,75,73.8,41.4,230.0,3056.0,15.0,3301.0,1635.0,1400.0,90.0,21.0,3146.0,155.0,12.50 - 14.50,0.984,0.04926891290527654
201109,75,73.8,41.8,225.0,3085.0,15.0,3325.0,1635.0,1415.0,88.0,23.0,3161.0,165.0,12.65 - 14.65,0.984,0.05219867130654856
201110,75,73.7,41.5,215.0,3060.0,15.0,3290.0,1635.0,1375.0,88.0,32.0,3130.0,160.0,12.15 - 14.15,0.9826666666666667,0.051118210862619806
201111,75,73.7,41.3,215.0,3046.0,15.0,3275.0,1635.0,1325.0,88.0,32.0,3080.0,195.0,11.60 - 13.60,0.9826666666666667,0.0633116883116883
201112,75,73.7,41.3,215.0,3046.0,15.0,3275.0,1625.0,1300.0,88.0,32.0,3045.0,230.0,10.70 - 12.70,0.9826666666666667,0.0755336617405583
201201,75,73.6,41.5,215.0,3056.0,15.0,3286.0,1615.0,1275.0,88.0,32.0,3011.0,275.0,10.95 - 12.45,0.9813333333333333,0.0913317834606443
201202,75,73.6,41.5,215.0,3056.0,15.0,3286.0,1615.0,1275.0,88.0,32.0,3011.0,275.0,11.10 - 12.30,0.9813333333333333,0.0913317834606443
201203,75,73.6,41.5,215.0,3056.0,15.0,3286.0,1615.0,1275.0,87.0,34.0,3011.0,275.0,11.40 - 12.60,0.9813333333333333,0.0913317834606443
201204,75,73.6,41.5,215.0,3056.0,15.0,3286.0,1630.0,1290.0,86.0,30.0,3036.0,250.0,12.00 - 12.50,0.9813333333333333,0.08234519104084322
201205,75,73.6,41.5,215.0,3056.0,15.0,3286.0,1645.0,1315.0,86.0,30.0,3076.0,210.0,12.35,0.9813333333333333,0.06827048114434331
201206,75,73.6,41.5,215.0,3056.0,15.0,3286.0,1660.0,1335.0,86.0,30.0,3111.0,175.0,12.3,0.9813333333333333,0.05625200900032144
201207,75,73.6,41.5,215.0,3056.0,15.0,3286.0,1675.0,1340.0,88.0,13.0,3116.0,170.0,12.4,0.9813333333333333,0.05455712451861361
201208,75,73.6,41.5,215.0,3056.0,15.0,3286.0,1690.0,1350.0,88.0,13.0,3141.0,145.0,12.45,0.9813333333333333,0.046163642152180835
201209,75,73.6,41.5,215.0,3056.0,16.0,3287.0,1705.0,1360.0,88.0,3.0,3157.0,130.0,12.45,0.9813333333333333,0.04117833386126069
201210,75,73.8,41.9,215.0,3094.0,16.0,3325.0,1703.0,1360.0,90.0,2.0,3155.0,169.0,12.5,0.984,0.05356576862123613
201211,75,73.8,41.9,215.0,3094.0,16.0,3325.0,1703.0,1362.0,90.0,1.0,3155.0,169.0,12.5,0.984,0.05356576862123613
201212,75,73.8,41.9,215.0,3094.0,16.0,3325.0,1703.0,1362.0,90.0,1.0,3155.0,169.0,12.5,0.984,0.05356576862123613
201301,75,73.8,41.9,215.0,3094.0,16.0,3325.0,1703.0,1362.0,90.0,1.0,3155.0,169.0,12.5,0.984,0.05356576862123613
201302,75,73.8,41.9,215.0,3094.0,16.0,3325.0,1703.0,1362.0,90.0,1.0,3155.0,169.0,12.5,0.984,0.05356576862123613
201303,75,73.8,41.9,215.0,3094.0,16.0,3325.0,1703.0,1362.0,90.0,1.0,3155.0,169.0,12.5,0.984,0.05356576862123613
201304,75,73.8,41.9,215.0,3094.0,16.0,3325.0,1703.0,1362.0,90.0,1.0,3155.0,169.0,12.5,0.984,0.05356576862123613
201305,75,73.8,41.9,215.0,3094.0,16.0,3325.0,1703.0,1362.0,90.0,1.0,3155.0,169.0,12.5,0.984,0.05356576862123613
201306,75,73.8,41.9,215.0,3094.0,16.0,3325.0,1703.0,1362.0,90.0,1.0,3155.0,169.0,12.5,0.984,0.05356576862123613
201307,75,73.8,41.9,215.0,3094.0,16.0,3325.0,1703.0,1362.0,90.0,1.0,3155.0,169.0,12.5,0.984,0.05356576862123613
201308,75,73.8,41.9,215.0,3094.0,16.0,3325.0,1703.0,1365.0,90.0,-2.0,3155.0,169.0,12.5,0.984,0.05356576862123613
201309,75,73.8,41.9,215.0,3094.0,16.0,3325.0,1703.0,1365.0,90.0,-2.0,3155.0,169.0,12.5,0.984,0.05356576862123613
201311,75,73.8,41.9,215.0,3094.0,16.0,3325.0,1703.0,1365.0,90.0,-2.0,3155.0,169.0,12.5,0.984,0.05356576862123613
201312,75,73.8,41.9,215.0,3094.0,16.0,3325.0,1703.0,1365.0,90.0,-2.0,3155.0,169.0,12.5,0.984,0.05356576862123613
201401,75,73.8,41.9,215.0,3094.0,16.0,3325.0,1703.0,1365.0,90.0,-2.0,3155.0,169.0,12.5,0.984,0.05356576862123613
201402,75,73.8,41.9,215.0,3094.0,16.0,3325.0,1703.0,1365.0,90.0,-2.0,3155.0,169.0,12.5,0.984,0.05356576862123613
201403,75,73.8,41.9,215.0,3094.0,16.0,3325.0,1703.0,1365.0,90.0,-2.0,3155.0,169.0,12.5,0.984,0.05356576862123613
201404,75,73.8,41.9,215.0,3094.0,16.0,3325.0,1703.0,1365.0,90.0,-2.0,3155.0,169.0,12.5,0.984,0.05356576862123613
2012/2013,,,,,,,,,,,,,,,,
201205,73.9 ,73.0 ,43.9 ,210.0,3205.0,15.0,3430.0,1655.0,1505.0,89.0,36.0,3285.0,145.0,12.00 - 14.00,0.9878213802435724,0.0441400304414003
201206,73.9 ,73.0 ,43.9 ,175.0,3205.0,15.0,3395.0,1645.0,1485.0,89.0,36.0,3255.0,140.0,12.00 - 14.00,0.9878213802435724,0.043010752688172046
201207,76.1 ,75.3 ,40.5 ,170.0,3050.0,15.0,3235.0,1610.0,1370.0,89.0,35.0,3105.0,130.0,13.00 - 15.00,0.9894875164257556,0.04186795491143317
201208,76.1,74.6,36.1,145.0,2692.0,20.0,2857.0,1515.0,1110.0,89.0,27.0,2742.0,115.0,15.00 - 17.00,0.9802890932982917,0.041940189642596645
201209,76.1,74.6,35.3,130.0,2634.0,20.0,2785.0,1500.0,1055.0,89.0,25.0,2670.0,115.0,15.00 - 17.00,0.9802890932982917,0.04307116104868914
201210,77.2,75.7,37.8,169.0,2860.0,20.0,3050.0,1540.0,1265.0,89.0,26.0,2920.0,130.0,14.25 - 16.25,0.9805699481865285,0.04452054794520548
201211,77.2,75.7,39.3,169.0,2971.0,20.0,3160.0,1560.0,1345.0,89.0,26.0,3021.0,140.0,13.90 - 15.90,0.9805699481865285,0.04634227077126779
201212,77.2,75.7,39.3,169.0,2971.0,20.0,3160.0,1570.0,1345.0,89.0,26.0,3031.0,130.0,13.55 - 15.55,0.9805699481865285,0.04289013526888816
201301,77.2,76.1,39.6,169.0,3015.0,20.0,3204.0,1605.0,1345.0,89.0,30.0,3070.0,135.0,13.50 - 15.00,0.9857512953367874,0.043973941368078175
201302,77.2,76.1,39.6,169.0,3015.0,20.0,3204.0,1615.0,1345.0,89.0,30.0,3080.0,125.0,13.55 - 15.05,0.9857512953367874,0.040584415584415584
201303,77.2,76.1,39.6,169.0,3015.0,20.0,3204.0,1615.0,1345.0,89.0,30.0,3080.0,125.0,13.80 - 14.80,0.9857512953367874,0.040584415584415584
201304,77.2,76.1,39.6,169.0,3015.0,20.0,3204.0,1635.0,1350.0,90.0,5.0,3080.0,125.0,13.80 - 14.80,0.9857512953367874,0.040584415584415584
201305,77.2,76.1,39.6,169.0,3015.0,20.0,3204.0,1635.0,1350.0,90.0,5.0,3080.0,125.0,14.3,0.9857512953367874,0.040584415584415584
201306,77.2,76.1,39.6,169.0,3015.0,25.0,3209.0,1660.0,1330.0,90.0,5.0,3085.0,125.0,14.35,0.9857512953367874,0.04051863857374392
201307,77.2,76.1,39.6,169.0,3015.0,25.0,3209.0,1660.0,1330.0,90.0,5.0,3085.0,125.0,14.4,0.9857512953367874,0.04051863857374392
201308,77.2,76.1,39.6,169.0,3015.0,35.0,3219.0,1685.0,1315.0,90.0,5.0,3094.0,125.0,14.4,0.9857512953367874,0.040400775694893344
201309,77.2,76.1,39.6,169.0,3015.0,40.0,3224.0,1690.0,1315.0,90.0,5.0,3099.0,125.0,14.4,0.9857512953367874,0.04033559212649242
201311,77.2,76.2,39.8,169.0,3034.0,36.0,3239.0,1689.0,1320.0,89.0,1.0,3098.0,141.0,14.4,0.9870466321243523,0.04551323434473854
201312,77.2,76.2,39.8,169.0,3034.0,36.0,3239.0,1689.0,1320.0,89.0,1.0,3098.0,141.0,14.4,0.9870466321243523,0.04551323434473854
201401,77.2,76.2,39.8,169.0,3034.0,36.0,3239.0,1689.0,1320.0,89.0,1.0,3099.0,141.0,14.4,0.9870466321243523,0.04549854791868345
201402,77.2,76.2,39.8,169.0,3034.0,36.0,3239.0,1689.0,1320.0,89.0,1.0,3099.0,141.0,14.4,0.9870466321243523,0.04549854791868345
201403,77.2,76.2,39.8,169.0,3034.0,36.0,3239.0,1689.0,1320.0,89.0,1.0,3099.0,141.0,14.4,0.9870466321243523,0.04549854791868345
201404,77.2,76.2,39.8,169.0,3034.0,36.0,3239.0,1689.0,1320.0,89.0,1.0,3099.0,141.0,14.4,0.9870466321243523,0.04549854791868345
201405,77.2,76.2,39.8,169.0,3034.0,36.0,3239.0,1689.0,1320.0,89.0,1.0,3099.0,141.0,14.4,0.9870466321243523,0.04549854791868345
201406,77.2,76.2,39.8,169.0,3034.0,36.0,3239.0,1689.0,1320.0,89.0,1.0,3099.0,141.0,14.4,0.9870466321243523,0.04549854791868345
201407,77.2,76.2,39.8,169.0,3034.0,36.0,3239.0,1689.0,1320.0,89.0,1.0,3099.0,141.0,14.4,0.9870466321243523,0.04549854791868345
201408,77.2,76.2,39.8,169.0,3034.0,41.0,3243.0,1689.0,1317.0,89.0,8.0,3103.0,141.0,14.4,0.9870466321243523,0.04543989687399291
201409,77.2,76.2,39.8,169.0,3034.0,41.0,3243.0,1689.0,1317.0,89.0,8.0,3103.0,141.0,14.4,0.9870466321243523,0.04543989687399291
201410,77.2,76.2,39.8,169.0,3034.0,41.0,3243.0,1689.0,1317.0,89.0,8.0,3103.0,141.0,14.4,0.9870466321243523,0.04543989687399291
201411,77.2,76.1,40,169.0,3042.0,41.0,3252.0,1689.0,1317.0,89.0,16.0,3111.0,141.0,14.4,0.9857512953367874,0.04532304725168756
201412,77.2,76.1,40,169.0,3042.0,41.0,3252.0,1689.0,1317.0,89.0,16.0,3111.0,141.0,14.4,0.9857512953367874,0.04532304725168756
201501,77.2,76.1,40,169.0,3042.0,41.0,3252.0,1689.0,1317.0,89.0,16.0,3111.0,141.0,14.4,0.9857512953367874,0.04532304725168756
201502,77.2,76.1,40,169.0,3042.0,41.0,3252.0,1689.0,1317.0,89.0,16.0,3111.0,141.0,14.4,0.9857512953367874,0.04532304725168756
201503,77.2,76.1,40,169.0,3042.0,41.0,3252.0,1689.0,1317.0,89.0,16.0,3111.0,141.0,14.4,0.9857512953367874,0.04532304725168756
201504,77.2,76.1,40,169.0,3042.0,41.0,3252.0,1689.0,1317.0,89.0,16.0,3111.0,141.0,14.4,0.9857512953367874,0.04532304725168756
2013/2014,,,,,,,,,,,,,,,,
201305,77.1 ,76.2 ,44.5 ,125.0,3390.0,15.0,3530.0,1695.0,1450.0,87.0,33.0,3264.0,265.0,9.50 - 11.50,0.9883268482490274,0.08118872549019608
201306,77.1 ,76.2 ,44.5 ,125.0,3390.0,15.0,3530.0,1695.0,1450.0,87.0,33.0,3264.0,265.0,9.75 - 11.75,0.9883268482490274,0.08118872549019608
201307,77.7 ,76.9 ,44.5 ,125.0,3420.0,15.0,3560.0,1695.0,1450.0,87.0,33.0,3264.0,295.0,9.75 - 11.75,0.9897039897039898,0.09037990196078431
201308,77.2,76.4,42.6,125.0,3255.0,15.0,3396.0,1675.0,1385.0,87.0,29.0,3176.0,220.0,10.35 - 12.35,0.9896373056994819,0.06926952141057935
201309,77.2,76.4,41.2,125.0,3149.0,15.0,3289.0,1655.0,1370.0,87.0,28.0,3140.0,150.0,11.50 - 13.50,0.9896373056994819,0.04777070063694268
201311,76.5,75.7,43,141.0,3258.0,15.0,3413.0,1685.0,1450.0,87.0,22.0,3243.0,170.0,11.15 - 13.15,0.9895424836601308,0.05242059821153253
201312,76.5,75.7,43,141.0,3258.0,25.0,3423.0,1690.0,1475.0,87.0,22.0,3274.0,150.0,11.50 - 13.50,0.9895424836601308,0.04581551618814905
201401,76.5,75.9,43.3,141.0,3289.0,25.0,3454.0,1700.0,1495.0,87.0,22.0,3304.0,150.0,11.75 - 13.25,0.9921568627450981,0.04539951573849879
201402,76.5,75.9,43.3,141.0,3289.0,30.0,3459.0,1700.0,1510.0,87.0,12.0,3309.0,150.0,11.95 - 13.45,0.9921568627450981,0.04533091568449683
201403,76.5,75.9,43.3,141.0,3289.0,35.0,3464.0,1690.0,1530.0,87.0,12.0,3319.0,145.0,12.20 - 13.70,0.9921568627450981,0.04368785778849051
201404,76.5,75.9,43.3,141.0,3289.0,65.0,3494.0,1685.0,1580.0,95.0,0.0,3360.0,135.0,12.50 - 13.50,0.9921568627450981,0.04017857142857143
201405,76.5,75.9,43.3,141.0,3289.0,90.0,3519.0,1695.0,1600.0,95.0,0.0,3390.0,130.0,13.1,0.9921568627450981,0.038348082595870206
201406,76.5,75.9,43.3,141.0,3289.0,90.0,3519.0,1700.0,1600.0,95.0,0.0,3395.0,125.0,13.1,0.9921568627450981,0.036818851251840944
201407,76.5,75.9,43.3,141.0,3289.0,85.0,3514.0,1725.0,1620.0,99.0,-69.0,3374.0,140.0,13,0.9921568627450981,0.04149377593360996
201408,76.5,75.9,43.3,141.0,3289.0,80.0,3509.0,1725.0,1640.0,99.0,-94.0,3369.0,140.0,13,0.9921568627450981,0.04155535767289997
201409,76.5,75.9,43.3,141.0,3289.0,80.0,3509.0,1730.0,1645.0,99.0,-94.0,3379.0,130.0,13,0.9921568627450981,0.03847292098253921
201410,76.8,76.3,44,141.0,3358.0,72.0,3570.0,1734.0,1647.0,98.0,0.0,3478.0,92.0,13,0.9934895833333334,0.02645198389879241
201411,76.8,76.3,44,141.0,3358.0,72.0,3570.0,1734.0,1647.0,98.0,0.0,3478.0,92.0,13,0.9934895833333334,0.02645198389879241
201412,76.8,76.3,44,141.0,3358.0,72.0,3570.0,1734.0,1647.0,98.0,0.0,3478.0,92.0,13,0.9934895833333334,0.02645198389879241
201501,76.8,76.3,44,141.0,3358.0,72.0,3570.0,1734.0,1647.0,97.0,0.0,3478.0,92.0,13,0.9934895833333334,0.02645198389879241
201502,76.8,76.3,44,141.0,3358.0,72.0,3570.0,1734.0,1647.0,97.0,0.0,3478.0,92.0,13,0.9934895833333334,0.02645198389879241
201503,76.8,76.3,44,141.0,3358.0,72.0,3570.0,1734.0,1647.0,97.0,0.0,3478.0,92.0,13,0.9934895833333334,0.02645198389879241
201504,76.8,76.3,44,141.0,3358.0,72.0,3570.0,1734.0,1647.0,97.0,0.0,3478.0,92.0,13,0.9934895833333334,0.02645198389879241
201505,76.8,76.3,44,141.0,3358.0,72.0,3570.0,1734.0,1647.0,97.0,0.0,3478.0,92.0,13,0.9934895833333334,0.02645198389879241
201506,76.8,76.3,44,141.0,3358.0,72.0,3570.0,1734.0,1647.0,97.0,0.0,3478.0,92.0,13,0.9934895833333334,0.02645198389879241
201507,76.8,76.3,44,141.0,3358.0,72.0,3570.0,1734.0,1647.0,97.0,0.0,3478.0,92.0,13,0.9934895833333334,0.02645198389879241
201508,76.8,76.3,44,141.0,3358.0,72.0,3570.0,1734.0,1638.0,97.0,9.0,3478.0,92.0,13,0.9934895833333334,0.02645198389879241
201509,76.8,76.3,44,141.0,3358.0,72.0,3570.0,1734.0,1638.0,97.0,9.0,3478.0,92.0,13,0.9934895833333334,0.02645198389879241
201510,76.8,76.3,44,141.0,3358.0,72.0,3570.0,1734.0,1638.0,97.0,10.0,3478.0,92.0,13,0.9934895833333334,0.02645198389879241
201511,76.8,76.3,44,141.0,3358.0,72.0,3570.0,1734.0,1638.0,97.0,10.0,3478.0,92.0,13,0.9934895833333334,0.02645198389879241
201512,76.8,76.3,44,141.0,3358.0,72.0,3570.0,1734.0,1638.0,97.0,10.0,3478.0,92.0,13,0.9934895833333334,0.02645198389879241
201601,76.8,76.3,44,141.0,3358.0,72.0,3570.0,1734.0,1638.0,97.0,10.0,3478.0,92.0,13,0.9934895833333334,0.02645198389879241
201602,76.8,76.3,44,141.0,3358.0,72.0,3570.0,1734.0,1638.0,97.0,10.0,3478.0,92.0,13,0.9934895833333334,0.02645198389879241
201603,76.8,76.3,44,141.0,3358.0,72.0,3570.0,1734.0,1638.0,97.0,10.0,3478.0,92.0,13,0.9934895833333334,0.02645198389879241
201604,76.8,76.3,44,141.0,3358.0,72.0,3570.0,1734.0,1638.0,97.0,10.0,3478.0,92.0,13,0.9934895833333334,0.02645198389879241
2014/2015,,,,,,,,,,,,,,,,
201405,81.5 ,80.5 ,45.2 ,130.0,3635.0,15.0,3780.0,1715.0,1625.0,92.0,18.0,3450.0,330.0,9.75 - 11.75,0.9877300613496932,0.09565217391304348
201406,81.5 ,80.5 ,45.2 ,125.0,3635.0,15.0,3775.0,1715.0,1625.0,92.0,18.0,3450.0,325.0,9.75 - 11.75,0.9877300613496932,0.09420289855072464
201407,84.8 ,84.1 ,45.2 ,140.0,3800.0,15.0,3955.0,1755.0,1675.0,92.0,19.0,3541.0,415.0,9.50 - 11.50,0.9917452830188679,0.11719853148828015
201408,84.8,84.1,45.4,140.0,3816.0,15.0,3971.0,1755.0,1675.0,92.0,19.0,3541.0,430.0,9.35 - 11.35,0.9917452830188679,0.12143462298785654
201409,84.8,84.1,46.6,130.0,3913.0,15.0,4058.0,1770.0,1700.0,92.0,22.0,3583.0,475.0,9.00 - 11.00,0.9917452830188679,0.13257047167178343
201410,84.2,83.4,47.1,92.0,3927.0,15.0,4034.0,1770.0,1700.0,92.0,22.0,3583.0,450.0,9.00 - 11.00,0.990498812351544,0.1255930784259001
201411,84.2,83.4,47.5,92.0,3958.0,15.0,4065.0,1780.0,1720.0,92.0,23.0,3615.0,450.0,9.00 - 11.00,0.990498812351544,0.12448132780082988
201412,84.2,83.4,47.5,92.0,3958.0,15.0,4065.0,1780.0,1760.0,92.0,23.0,3655.0,410.0,9.00 - 11.00,0.990498812351544,0.1121751025991792
201501,83.7,83.1,47.8,92.0,3969.0,15.0,4076.0,1780.0,1770.0,92.0,24.0,3666.0,410.0,9.45 - 10.95,0.9928315412186379,0.11183851609383524
201502,83.7,83.1,47.8,92.0,3969.0,25.0,4086.0,1795.0,1790.0,92.0,24.0,3701.0,385.0,9.45 - 10.95,0.9928315412186379,0.10402593893542286
201503,83.7,83.1,47.8,92.0,3969.0,25.0,4086.0,1795.0,1790.0,92.0,24.0,3701.0,385.0,9.45 - 10.95,0.9928315412186379,0.10402593893542286
201504,83.7,83.1,47.8,92.0,3969.0,30.0,4091.0,1795.0,1790.0,98.0,38.0,3721.0,370.0,9.60 - 10.60,0.9928315412186379,0.09943563558183284
201505,83.7,83.1,47.8,92.0,3969.0,30.0,4091.0,1805.0,1800.0,98.0,38.0,3741.0,350.0,10.05,0.9928315412186379,0.09355787222667736
201506,83.7,83.1,47.8,92.0,3969.0,30.0,4091.0,1815.0,1810.0,98.0,38.0,3761.0,330.0,10.05,0.9928315412186379,0.08774262164318
201507,83.7,83.1,47.8,92.0,3969.0,30.0,4091.0,1830.0,1825.0,99.0,82.0,3836.0,255.0,10.05,0.9928315412186379,0.0664754953076121
201508,83.7,83.1,47.8,92.0,3969.0,30.0,4091.0,1845.0,1825.0,98.0,83.0,3851.0,240.0,10.05,0.9928315412186379,0.06232147494157362
201509,83.7,83.1,47.8,92.0,3969.0,33.0,4094.0,1870.0,1835.0,98.0,81.0,3884.0,210.0,10.06,0.9928315412186379,0.054067971163748715
201510,83.3,82.6,47.5,92.0,3927.0,33.0,4052.0,1875.0,1843.0,97.0,46.0,3861.0,191.0,10.1,0.9915966386554621,0.04946904946904947
201511,83.3,82.6,47.5,92.0,3927.0,33.0,4052.0,1873.0,1843.0,97.0,48.0,3861.0,191.0,10.1,0.9915966386554621,0.04946904946904947
201512,83.3,82.6,47.5,92.0,3927.0,33.0,4052.0,1873.0,1843.0,97.0,48.0,3861.0,191.0,10.1,0.9915966386554621,0.04946904946904947
201601,83.3,82.6,47.5,92.0,3927.0,33.0,4052.0,1873.0,1843.0,96.0,49.0,3862.0,191.0,10.1,0.9915966386554621,0.04945624029000518
201602,83.3,82.6,47.5,92.0,3927.0,33.0,4052.0,1873.0,1843.0,96.0,49.0,3862.0,191.0,10.1,0.9915966386554621,0.04945624029000518
201603,83.3,82.6,47.5,92.0,3927.0,33.0,4052.0,1873.0,1843.0,96.0,49.0,3862.0,191.0,10.1,0.9915966386554621,0.04945624029000518
201604,83.3,82.6,47.5,92.0,3927.0,33.0,4052.0,1873.0,1843.0,96.0,49.0,3862.0,191.0,10.1,0.9915966386554621,0.04945624029000518
201605,83.3,82.6,47.5,92.0,3927.0,33.0,4052.0,1873.0,1843.0,96.0,49.0,3862.0,191.0,10.1,0.9915966386554621,0.04945624029000518
201606,83.3,82.6,47.5,92.0,3927.0,33.0,4052.0,1873.0,1843.0,96.0,49.0,3862.0,191.0,10.1,0.9915966386554621,0.04945624029000518
201607,83.3,82.6,47.5,92.0,3927.0,33.0,4052.0,1873.0,1843.0,96.0,49.0,3862.0,191.0,10.1,0.9915966386554621,0.04945624029000518
201608,83.3,82.6,47.5,92.0,3927.0,33.0,4052.0,1873.0,1842.0,96.0,50.0,3862.0,191.0,10.1,0.9915966386554621,0.04945624029000518
201609,83.3,82.6,47.5,92.0,3927.0,33.0,4052.0,1873.0,1842.0,96.0,50.0,3862.0,191.0,10.1,0.9915966386554621,0.04945624029000518
201610,83.3,82.6,47.5,92.0,3927.0,33.0,4052.0,1873.0,1842.0,96.0,50.0,3862.0,191.0,10.1,0.9915966386554621,0.04945624029000518
201611,83.3,82.6,47.5,92.0,3927.0,33.0,4052.0,1873.0,1842.0,96.0,50.0,3862.0,191.0,10.1,0.9915966386554621,0.04945624029000518
201612,83.3,82.6,47.5,92.0,3927.0,33.0,4052.0,1873.0,1842.0,96.0,50.0,3862.0,191.0,10.1,0.9915966386554621,0.04945624029000518
201701,83.3,82.6,47.5,92.0,3927.0,33.0,4052.0,1873.0,1842.0,96.0,50.0,3862.0,191.0,10.1,0.9915966386554621,0.04945624029000518
201702,83.3,82.6,47.5,92.0,3927.0,33.0,4052.0,1873.0,1842.0,96.0,50.0,3862.0,191.0,10.1,0.9915966386554621,0.04945624029000518
201703,83.3,82.6,47.5,92.0,3927.0,33.0,4052.0,1873.0,1842.0,96.0,50.0,3862.0,191.0,10.1,0.9915966386554621,0.04945624029000518
201704,83.3,82.6,47.5,92.0,3927.0,33.0,4052.0,1873.0,1842.0,96.0,50.0,3862.0,191.0,10.1,0.9915966386554621,0.04945624029000518
2015/2016,,,,,,,,,,,,,,,,
201505,84.6 ,83.7 ,46.0 ,350.0,3850.0,30.0,4230.0,1825.0,1775.0,92.0,38.0,3729.0,500.0,8.25 - 9.75,0.9893617021276597,0.13408420488066505
201506,84.6 ,83.7 ,46.0 ,330.0,3850.0,30.0,4210.0,1830.0,1775.0,92.0,38.0,3734.0,475.0,8.25 - 9.75,0.9893617021276597,0.1272094268880557
201507,85.1 ,84.4 ,46.0 ,255.0,3885.0,30.0,4170.0,1840.0,1775.0,92.0,38.0,3744.0,425.0,8.50 - 10.00,0.991774383078731,0.11351495726495726
201508,84.3,83.5,46.9,240.0,3916.0,30.0,4186.0,1860.0,1725.0,92.0,40.0,3717.0,470.0,8.40 - 9.90,0.9905100830367735,0.12644605864944847
201509,84.3,83.5,47.1,210.0,3935.0,30.0,4175.0,1870.0,1725.0,92.0,38.0,3725.0,450.0,8.40 - 9.90,0.9905100830367735,0.12080536912751678
201510,83.2,82.4,47.2,191.0,3888.0,30.0,4109.0,1880.0,1675.0,92.0,38.0,3685.0,425.0,8.40 - 9.90,0.9903846153846154,0.11533242876526459
201511,83.2,82.4,48.3,191.0,3981.0,30.0,4203.0,1890.0,1715.0,92.0,41.0,3738.0,465.0,8.15 - 9.65,0.9903846153846154,0.12439807383627609
201512,83.2,82.4,48.3,191.0,3981.0,30.0,4203.0,1890.0,1715.0,92.0,41.0,3738.0,465.0,8.15 - 9.65,0.9903846153846154,0.12439807383627609
201601,82.7,81.8,48,191.0,3930.0,30.0,4150.0,1890.0,1690.0,92.0,39.0,3711.0,440.0,8.05 - 9.55,0.989117291414752,0.11856642414443547
201602,82.7,81.8,48,191.0,3930.0,30.0,4150.0,1880.0,1690.0,92.0,39.0,3701.0,450.0,8.05 - 9.55,0.989117291414752,0.1215887597946501
201603,82.7,81.8,48,191.0,3929.0,30.0,4150.0,1870.0,1690.0,96.0,34.0,3690.0,460.0,8.25 - 9.25,0.989117291414752,0.12466124661246612
201604,82.7,81.8,48,191.0,3929.0,30.0,4150.0,1870.0,1705.0,95.0,34.0,3705.0,445.0,8.50 - 9.00,0.989117291414752,0.12010796221322537
201605,82.7,81.8,48,191.0,3929.0,30.0,4150.0,1880.0,1740.0,95.0,34.0,3750.0,400.0,8.85,0.989117291414752,0.10666666666666667
201606,82.7,81.8,48,191.0,3929.0,30.0,4150.0,1890.0,1760.0,95.0,34.0,3780.0,370.0,9.05,0.989117291414752,0.09788359788359788
201607,82.7,81.8,48,191.0,3929.0,25.0,4145.0,1890.0,1795.0,97.0,12.0,3794.0,350.0,9.05,0.989117291414752,0.09225092250922509
201608,82.7,81.8,48,191.0,3929.0,25.0,4145.0,1900.0,1880.0,97.0,12.0,3889.0,255.0,8.95,0.989117291414752,0.06556955515556698
201609,82.7,81.8,48,191.0,3929.0,25.0,4145.0,1900.0,1940.0,97.0,12.0,3949.0,195.0,8.95,0.989117291414752,0.049379589769561916
201610,82.7,81.7,48,191.0,3926.0,24.0,4140.0,1886.0,1936.0,97.0,24.0,3943.0,197.0,8.95,0.9879081015719468,0.049961957900076084
201611,82.7,81.7,48,191.0,3926.0,24.0,4140.0,1886.0,1936.0,97.0,24.0,3943.0,197.0,8.95,0.9879081015719468,0.049961957900076084
201612,82.7,81.7,48,191.0,3926.0,24.0,4140.0,1886.0,1936.0,97.0,24.0,3943.0,197.0,8.95,0.9879081015719468,0.049961957900076084
201701,82.7,81.7,48,191.0,3926.0,24.0,4140.0,1886.0,1936.0,97.0,25.0,3944.0,197.0,8.95,0.9879081015719468,0.04994929006085193
201702,82.7,81.7,48,191.0,3926.0,24.0,4140.0,1886.0,1936.0,97.0,25.0,3944.0,197.0,8.95,0.9879081015719468,0.04994929006085193
201703,82.7,81.7,48,191.0,3926.0,24.0,4140.0,1886.0,1936.0,97.0,25.0,3944.0,197.0,8.95,0.9879081015719468,0.04994929006085193
201704,82.7,81.7,48,191.0,3926.0,24.0,4140.0,1886.0,1936.0,97.0,25.0,3944.0,197.0,8.95,0.9879081015719468,0.04994929006085193
201705,82.7,81.7,48,191.0,3926.0,24.0,4140.0,1886.0,1936.0,97.0,25.0,3944.0,197.0,8.95,0.9879081015719468,0.04994929006085193
201706,82.7,81.7,48,191.0,3926.0,24.0,4140.0,1886.0,1936.0,97.0,25.0,3944.0,197.0,8.95,0.9879081015719468,0.04994929006085193
201707,82.7,81.7,48,191.0,3926.0,24.0,4140.0,1886.0,1942.0,97.0,18.0,3944.0,197.0,8.95,0.9879081015719468,0.04994929006085193
201708,82.7,81.7,48,191.0,3926.0,24.0,4140.0,1886.0,1942.0,97.0,18.0,3944.0,197.0,8.95,0.9879081015719468,0.04994929006085193
201709,82.7,81.7,48,191.0,3926.0,24.0,4140.0,1886.0,1942.0,97.0,18.0,3944.0,197.0,8.95,0.9879081015719468,0.04994929006085193
201710,82.7,81.7,48,191.0,3926.0,24.0,4140.0,1886.0,1942.0,97.0,18.0,3944.0,197.0,8.95,0.9879081015719468,0.04994929006085193
201711,82.7,81.7,48,191.0,3926.0,24.0,4140.0,1886.0,1942.0,97.0,18.0,3944.0,197.0,8.95,0.9879081015719468,0.04994929006085193
201712,82.7,81.7,48,191.0,3926.0,24.0,4140.0,1886.0,1942.0,97.0,18.0,3944.0,197.0,8.95,0.9879081015719468,0.04994929006085193
201801,82.7,81.7,48,191.0,3926.0,24.0,4140.0,1886.0,1942.0,97.0,18.0,3944.0,197.0,8.95,0.9879081015719468,0.04994929006085193
201802,82.7,81.7,48,191.0,3926.0,24.0,4140.0,1886.0,1942.0,97.0,18.0,3944.0,197.0,8.95,0.9879081015719468,0.04994929006085193
201803,82.7,81.7,48,191.0,3926.0,24.0,4140.0,1886.0,1942.0,97.0,18.0,3944.0,197.0,8.95,0.9879081015719468,0.04994929006085193
201804,82.7,81.7,48,191.0,3926.0,24.0,4140.0,1886.0,1942.0,97.0,18.0,3944.0,197.0,8.95,0.9879081015719468,0.04994929006085193
2016/2017,,,,,,,,,,,,,,,,
201605,82.2 ,81.4 ,46.7 ,400.0,3800.0,30.0,4230.0,1915.0,1885.0,95.0,30.0,3925.0,305.0,8.35 - 9.85,0.9902676399026764,0.07770700636942675
201606,82.2 ,81.4 ,46.7 ,370.0,3800.0,30.0,4200.0,1915.0,1900.0,95.0,30.0,3940.0,260.0,8.75 - 10.25,0.9902676399026764,0.06598984771573604
201607,83.7 ,83.0 ,46.7 ,350.0,3880.0,30.0,4260.0,1925.0,1920.0,95.0,30.0,3970.0,290.0,8.75 - 10.25,0.991636798088411,0.07304785894206549
201608,83.7,83,48.9,255.0,4060.0,30.0,4346.0,1940.0,1950.0,95.0,31.0,4016.0,330.0,8.35 - 9.85,0.991636798088411,0.08217131474103585
201609,83.7,83,50.6,195.0,4201.0,30.0,4426.0,1950.0,1985.0,95.0,31.0,4061.0,365.0,8.30 - 9.80,0.991636798088411,0.08987934006402364
201610,83.7,83,51.4,197.0,4269.0,30.0,4496.0,1950.0,2025.0,95.0,31.0,4101.0,395.0,8.30 - 9.80,0.991636798088411,0.09631797122653012
201611,83.7,83,52.5,197.0,4361.0,30.0,4588.0,1930.0,2050.0,95.0,32.0,4108.0,480.0,8.45 - 9.95,0.991636798088411,0.11684518013631938
201612,83.7,83,52.5,197.0,4361.0,30.0,4588.0,1930.0,2050.0,95.0,32.0,4108.0,480.0,8.70 - 10.20,0.991636798088411,0.11684518013631938
201701,83.4,82.7,52.1,197.0,4307.0,25.0,4528.0,1930.0,2050.0,95.0,33.0,4108.0,420.0,9.00 - 10.00,0.9916067146282973,0.10223953261927946
201702,83.4,82.7,52.1,197.0,4307.0,25.0,4528.0,1930.0,2050.0,95.0,33.0,4108.0,420.0,9.10 - 9.90,0.9916067146282973,0.10223953261927946
201703,83.4,82.7,52.1,197.0,4307.0,25.0,4528.0,1940.0,2025.0,95.0,33.0,4093.0,435.0,9.30 - 9.90,0.9916067146282973,0.10627901294893721
201704,83.4,82.7,52.1,197.0,4307.0,25.0,4528.0,1940.0,2025.0,104.0,14.0,4083.0,445.0,9.40 - 9.70,0.9916067146282973,0.10898848885623316
201705,83.4,82.7,52.1,197.0,4307.0,25.0,4528.0,1925.0,2050.0,104.0,14.0,4093.0,435.0,9.55,0.9916067146282973,0.10627901294893721
201706,83.4,82.7,52.1,197.0,4307.0,25.0,4528.0,1910.0,2050.0,104.0,14.0,4078.0,450.0,9.55,0.9916067146282973,0.11034820990681707
201707,83.4,82.7,52.1,197.0,4307.0,25.0,4528.0,1900.0,2100.0,104.0,14.0,4118.0,410.0,9.5,0.9916067146282973,0.09956289460903352
201708,83.4,82.7,52.1,197.0,4307.0,25.0,4528.0,1890.0,2150.0,104.0,14.0,4158.0,370.0,9.5,0.9916067146282973,0.08898508898508899
201709,83.4,82.7,52.1,197.0,4307.0,25.0,4528.0,1895.0,2170.0,104.0,14.0,4183.0,345.0,9.5,0.9916067146282973,0.08247669136983027
201710,83.4,82.7,52,197.0,4296.0,22.0,4515.0,1899.0,2174.0,105.0,36.0,4214.0,301.0,9.47,0.9916067146282973,0.07142857142857142
201711,83.4,82.7,52,197.0,4296.0,22.0,4515.0,1899.0,2174.0,105.0,36.0,4214.0,301.0,9.47,0.9916067146282973,0.07142857142857142
201712,83.4,82.7,52,197.0,4296.0,22.0,4515.0,1899.0,2174.0,105.0,36.0,4214.0,301.0,9.47,0.9916067146282973,0.07142857142857142
201801,83.4,82.7,52,197.0,4296.0,22.0,4515.0,1899.0,2174.0,105.0,36.0,4213.0,302.0,9.47,0.9916067146282973,0.07168288630429623
201802,83.4,82.7,52,197.0,4296.0,22.0,4515.0,1899.0,2174.0,105.0,36.0,4213.0,302.0,9.47,0.9916067146282973,0.07168288630429623
201803,83.4,82.7,52,197.0,4296.0,22.0,4515.0,1901.0,2174.0,105.0,34.0,4213.0,302.0,9.47,0.9916067146282973,0.07168288630429623
201804,83.4,82.7,52,197.0,4296.0,22.0,4515.0,1901.0,2174.0,105.0,34.0,4213.0,302.0,9.47,0.9916067146282973,0.07168288630429623
201805,83.4,82.7,52,197.0,4296.0,22.0,4515.0,1901.0,2174.0,105.0,34.0,4213.0,302.0,9.47,0.9916067146282973,0.07168288630429623
201806,83.4,82.7,52,197.0,4296.0,22.0,4515.0,1901.0,2174.0,105.0,34.0,4213.0,302.0,9.47,0.9916067146282973,0.07168288630429623
201807,83.4,82.7,52,197.0,4296.0,22.0,4515.0,1901.0,2166.0,105.0,41.0,4214.0,302.0,9.47,0.9916067146282973,0.07166587565258661
201808,83.4,82.7,52,197.0,4296.0,22.0,4515.0,1901.0,2166.0,105.0,41.0,4214.0,302.0,9.47,0.9916067146282973,0.07166587565258661
201809,83.4,82.7,52,197.0,4296.0,22.0,4515.0,1901.0,2166.0,105.0,41.0,4214.0,302.0,9.47,0.9916067146282973,0.07166587565258661
201810,83.4,82.7,52,197.0,4296.0,22.0,4515.0,1901.0,2166.0,105.0,41.0,4214.0,302.0,9.47,0.9916067146282973,0.07166587565258661
201811,83.4,82.7,52,197.0,4296.0,22.0,4515.0,1901.0,2166.0,105.0,41.0,4214.0,302.0,9.47,0.9916067146282973,0.07166587565258661
201812,83.4,82.7,52,197.0,4296.0,22.0,4515.0,1901.0,2166.0,105.0,41.0,4214.0,302.0,9.47,0.9916067146282973,0.07166587565258661
201902,83.5,82.7,51.9,197.0,4296.0,22.0,4516.0,1901.0,2166.0,105.0,42.0,4214.0,302.0,9.47,0.9904191616766468,0.07166587565258661
201903,83.5,82.7,51.9,197.0,4296.0,22.0,4516.0,1901.0,2166.0,105.0,42.0,4214.0,302.0,9.47,0.9904191616766468,0.07166587565258661
201904,83.5,82.7,51.9,197.0,4296.0,22.0,4516.0,1901.0,2166.0,105.0,42.0,4214.0,302.0,9.47,0.9904191616766468,0.07166587565258661
2017/2018,,,,,,,,,,,,,,,,
201705,89.5 ,88.6 ,48.0 ,435.0,4255.0,25.0,4715.0,1950.0,2150.0,101.0,34.0,4235.0,480.0,8.30 - 10.30,0.9899441340782122,0.11334120425029516
201706,89.5 ,88.6 ,48.0 ,450.0,4255.0,25.0,4730.0,1950.0,2150.0,101.0,34.0,4235.0,495.0,8.30 - 10.30,0.9899441340782122,0.11688311688311688
201707,89.5 ,88.7 ,48.0 ,410.0,4260.0,25.0,4695.0,1950.0,2150.0,101.0,34.0,4235.0,460.0,8.40 - 10.40,0.9910614525139665,0.10861865407319952
201708,89.5,88.7,49.4,370.0,4381.0,25.0,4777.0,1940.0,2225.0,101.0,35.0,4301.0,475.0,8.45 - 10.15,0.9910614525139665,0.11043943269007207
201709,89.5,88.7,49.9,345.0,4431.0,25.0,4801.0,1940.0,2250.0,101.0,35.0,4326.0,475.0,8.35 - 10.05,0.9910614525139665,0.10980120203421175
201710,90.2,89.5,49.5,301.0,4431.0,25.0,4757.0,1940.0,2250.0,101.0,35.0,4326.0,430.0,8.35 - 10.05,0.9922394678492239,0.09939898289412853
201711,90.2,89.5,49.5,301.0,4425.0,25.0,4752.0,1940.0,2250.0,101.0,35.0,4326.0,425.0,8.45 - 10.15,0.9922394678492239,0.09824318076745261
201712,90.2,89.5,49.5,301.0,4425.0,25.0,4752.0,1940.0,2225.0,106.0,35.0,4306.0,445.0,8.60 - 10.00,0.9922394678492239,0.10334417092429168
201801,90.1,89.5,49.1,302.0,4392.0,25.0,4718.0,1950.0,2160.0,106.0,33.0,4248.0,470.0,8.80 - 9.80,0.9933407325194229,0.11064030131826742
201802,90.1,89.5,49.1,302.0,4392.0,25.0,4718.0,1950.0,2100.0,106.0,33.0,4188.0,530.0,8.90 - 9.70,0.9933407325194229,0.1265520534861509
201803,90.1,89.5,49.1,302.0,4392.0,25.0,4718.0,1960.0,2065.0,106.0,33.0,4163.0,555.0,9.00 - 9.60,0.9933407325194229,0.13331731924093201
201804,90.1,89.5,49.1,302.0,4392.0,25.0,4718.0,1970.0,2065.0,103.0,30.0,4168.0,550.0,9.10 - 9.50,0.9933407325194229,0.131957773512476
201805,90.1,89.5,49.1,302.0,4392.0,25.0,4718.0,1990.0,2065.0,103.0,30.0,4188.0,530.0,9.35,0.9933407325194229,0.1265520534861509
201806,90.1,89.5,49.1,302.0,4392.0,25.0,4718.0,2015.0,2065.0,103.0,30.0,4213.0,505.0,9.4,0.9933407325194229,0.11986707809162117
201807,90.1,89.5,49.1,302.0,4392.0,22.0,4715.0,2030.0,2085.0,104.0,32.0,4251.0,465.0,9.35,0.9933407325194229,0.10938602681721948
201808,90.1,89.5,49.1,302.0,4392.0,22.0,4715.0,2040.0,2110.0,104.0,32.0,4286.0,430.0,9.35,0.9933407325194229,0.10032664489034064
201809,90.1,89.5,49.1,302.0,4392.0,22.0,4715.0,2055.0,2130.0,104.0,32.0,4321.0,395.0,9.35,0.9933407325194229,0.09141402453135848
201810,90.1,89.5,49.3,302.0,4411.0,22.0,4734.0,2055.0,2129.0,104.0,8.0,4296.0,438.0,9.33,0.9933407325194229,0.10195530726256984
201811,90.1,89.5,49.3,302.0,4411.0,22.0,4734.0,2055.0,2129.0,104.0,8.0,4296.0,438.0,9.33,0.9933407325194229,0.10195530726256984
201812,90.1,89.5,49.3,302.0,4411.0,22.0,4734.0,2055.0,2129.0,104.0,8.0,4296.0,438.0,9.33,0.9933407325194229,0.10195530726256984
201902,90.2,89.5,49.3,302.0,4412.0,22.0,4735.0,2055.0,2129.0,104.0,9.0,4297.0,438.0,9.33,0.9922394678492239,0.10193158017221317
201903,90.2,89.5,49.3,302.0,4412.0,22.0,4735.0,2055.0,2129.0,104.0,9.0,4297.0,438.0,9.33,0.9922394678492239,0.10193158017221317
201904,90.2,89.5,49.3,302.0,4412.0,22.0,4735.0,2055.0,2129.0,104.0,9.0,4297.0,438.0,9.33,0.9922394678492239,0.10193158017221317
201905,90.2,89.5,49.3,302.0,4412.0,22.0,4735.0,2055.0,2129.0,104.0,9.0,4297.0,438.0,9.33,0.9922394678492239,0.10193158017221317
201906,90.2,89.5,49.3,302.0,4412.0,22.0,4735.0,2055.0,2129.0,104.0,9.0,4297.0,438.0,9.33,0.9922394678492239,0.10193158017221317
201907,90.2,89.5,49.3,302.0,4412.0,22.0,4735.0,2055.0,2134.0,104.0,5.0,4297.0,438.0,9.33,0.9922394678492239,0.10193158017221317
201908,90.2,89.5,49.3,302.0,4412.0,22.0,4735.0,2055.0,2134.0,104.0,5.0,4297.0,438.0,9.33,0.9922394678492239,0.10193158017221317
201909,90.2,89.5,49.3,302.0,4412.0,22.0,4735.0,2055.0,2134.0,104.0,5.0,4297.0,438.0,9.33,0.9922394678492239,0.10193158017221317
201910,90.2,89.5,49.3,302.0,4412.0,22.0,4735.0,2055.0,2134.0,104.0,5.0,4297.0,438.0,9.33,0.9922394678492239,0.10193158017221317
201911,90.2,89.5,49.3,302.0,4412.0,22.0,4735.0,2055.0,2134.0,104.0,5.0,4297.0,438.0,9.33,0.9922394678492239,0.10193158017221317
201912,90.2,89.5,49.3,302.0,4412.0,22.0,4735.0,2055.0,2134.0,104.0,5.0,4297.0,438.0,9.33,0.9922394678492239,0.10193158017221317
202001,90.2,89.5,49.3,302.0,4412.0,22.0,4735.0,2055.0,2134.0,104.0,5.0,4297.0,438.0,9.33,0.9922394678492239,0.10193158017221317
202002,90.2,89.5,49.3,302.0,4412.0,22.0,4735.0,2055.0,2134.0,104.0,5.0,4297.0,438.0,9.33,0.9922394678492239,0.10193158017221317
202003,90.2,89.5,49.3,302.0,4412.0,22.0,4735.0,2055.0,2134.0,104.0,5.0,4297.0,438.0,9.33,0.9922394678492239,0.10193158017221317
202004,90.2,89.5,49.3,302.0,4412.0,22.0,4735.0,2055.0,2134.0,104.0,5.0,4297.0,438.0,9.33,0.9922394678492239,0.10193158017221317
2018/2019,,,,,,,,,,,,,,,,
201805,89.0 ,88.2 ,48.5 ,530.0,4280.0,25.0,4835.0,1995.0,2290.0,103.0,32.0,4420.0,415.0,8.75 - 11.25,0.9910112359550562,0.09389140271493213
201806,89.0 ,88.2 ,48.5 ,505.0,4280.0,25.0,4810.0,2000.0,2290.0,103.0,32.0,4425.0,385.0,8.75 - 11.25,0.9910112359550562,0.08700564971751412
201807,89.6 ,88.9 ,48.5 ,465.0,4310.0,25.0,4800.0,2045.0,2040.0,103.0,32.0,4220.0,580.0,8.00 - 10.50,0.9921875000000001,0.13744075829383887
201808,89.6,88.9,51.6,430.0,4586.0,25.0,5040.0,2060.0,2060.0,103.0,33.0,4256.0,785.0,7.65 - 10.15,0.9921875000000001,0.18444548872180452
201809,89.6,88.9,52.8,395.0,4693.0,25.0,5113.0,2070.0,2060.0,103.0,34.0,4268.0,845.0,7.35 - 9.85,0.9921875000000001,0.1979850046860356
201810,89.1,88.3,53.1,438.0,4690.0,25.0,5153.0,2070.0,2060.0,103.0,34.0,4268.0,885.0,7.35 - 9.85,0.9910213243546577,0.20735707591377694
201811,89.1,88.3,52.1,438.0,4600.0,25.0,5063.0,2080.0,1900.0,96.0,32.0,4107.0,955.0,7.60 - 9.60,0.9910213243546577,0.23252982712442172
201812,89.1,88.3,52.1,438.0,4600.0,25.0,5063.0,2080.0,1900.0,96.0,32.0,4107.0,955.0,7.85 - 9.35,0.9910213243546577,0.23252982712442172
201902,89.2,88.1,51.6,438.0,4544.0,20.0,5002.0,2090.0,1875.0,96.0,31.0,4092.0,910.0,8.10 - 9.10,0.9876681614349775,0.22238514173998045
201903,89.2,88.1,51.6,438.0,4544.0,20.0,5002.0,2100.0,1875.0,96.0,31.0,4102.0,900.0,8.10 - 9.10,0.9876681614349775,0.21940516821062897
201904,89.2,88.1,51.6,438.0,4544.0,17.0,4999.0,2100.0,1875.0,98.0,31.0,4104.0,895.0,8.35 - 8.85,0.9876681614349775,0.21807992202729046
201905,89.2,88.1,51.6,438.0,4544.0,17.0,4999.0,2100.0,1775.0,98.0,31.0,4004.0,995.0,8.55,0.9876681614349775,0.2485014985014985
201906,89.2,88.1,51.6,438.0,4544.0,17.0,4999.0,2100.0,1700.0,98.0,31.0,3929.0,1070.0,8.5,0.9876681614349775,0.272333927207941
201907,89.2,88.1,51.6,438.0,4544.0,17.0,4999.0,2085.0,1700.0,93.0,72.0,3949.0,1050.0,8.5,0.9876681614349775,0.2658900987591795
201908,89.2,88.1,51.6,438.0,4544.0,17.0,4999.0,2065.0,1700.0,89.0,75.0,3929.0,1070.0,8.5,0.9876681614349775,0.272333927207941
201909,89.2,88.1,51.6,438.0,4544.0,17.0,4999.0,2085.0,1745.0,89.0,75.0,3994.0,1005.0,8.5,0.9876681614349775,0.2516274411617426
201910,89.2,87.6,50.6,438.0,4428.0,14.0,4880.0,2092.0,1748.0,89.0,39.0,3967.0,913.0,8.48,0.9820627802690582,0.23014872699773128
201911,89.2,87.6,50.6,438.0,4428.0,14.0,4880.0,2092.0,1748.0,89.0,39.0,3967.0,913.0,8.48,0.9820627802690582,0.23014872699773128
201912,89.2,87.6,50.6,438.0,4428.0,14.0,4880.0,2092.0,1748.0,89.0,39.0,3967.0,913.0,8.48,0.9820627802690582,0.23014872699773128
202001,89.2,87.6,50.6,438.0,4428.0,14.0,4880.0,2092.0,1748.0,88.0,43.0,3971.0,909.0,8.48,0.9820627802690582,0.2289095945605641
202002,89.2,87.6,50.6,438.0,4428.0,14.0,4880.0,2092.0,1748.0,88.0,43.0,3971.0,909.0,8.48,0.9820627802690582,0.2289095945605641
202003,89.2,87.6,50.6,438.0,4428.0,14.0,4880.0,2092.0,1748.0,88.0,43.0,3971.0,909.0,8.48,0.9820627802690582,0.2289095945605641
202004,89.2,87.6,50.6,438.0,4428.0,14.0,4880.0,2092.0,1748.0,88.0,43.0,3971.0,909.0,8.48,0.9820627802690582,0.2289095945605641
202005,89.2,87.6,50.6,438.0,4428.0,14.0,4880.0,2092.0,1748.0,88.0,43.0,3971.0,909.0,8.48,0.9820627802690582,0.2289095945605641
202006,89.2,87.6,50.6,438.0,4428.0,14.0,4880.0,2092.0,1748.0,88.0,43.0,3971.0,909.0,8.48,0.9820627802690582,0.2289095945605641
202007,89.2,87.6,50.6,438.0,4428.0,14.0,4880.0,2092.0,1752.0,88.0,39.0,3971.0,909.0,8.48,0.9820627802690582,0.2289095945605641
202008,89.2,87.6,50.6,438.0,4428.0,14.0,4880.0,2092.0,1752.0,88.0,39.0,3971.0,909.0,8.48,0.9820627802690582,0.2289095945605641
202009,89.2,87.6,50.6,438.0,4428.0,14.0,4880.0,2092.0,1752.0,88.0,39.0,3971.0,909.0,8.48,0.9820627802690582,0.2289095945605641
202010,89.2,87.6,50.6,438.0,4428.0,14.0,4880.0,2092.0,1752.0,88.0,39.0,3971.0,909.0,8.48,0.9820627802690582,0.2289095945605641
202011,89.2,87.6,50.6,438.0,4428.0,14.0,4880.0,2092.0,1752.0,88.0,39.0,3971.0,909.0,8.48,0.9820627802690582,0.2289095945605641
202012,89.2,87.6,50.6,438.0,4428.0,14.0,4880.0,2092.0,1752.0,88.0,39.0,3971.0,909.0,8.48,0.9820627802690582,0.2289095945605641
202101,89.2,87.6,50.6,438.0,4428.0,14.0,4880.0,2092.0,1752.0,88.0,39.0,3971.0,909.0,8.48,0.9820627802690582,0.2289095945605641
202102,89.2,87.6,50.6,438.0,4428.0,14.0,4880.0,2092.0,1752.0,88.0,39.0,3971.0,909.0,8.48,0.9820627802690582,0.2289095945605641
202103,89.2,87.6,50.6,438.0,4428.0,14.0,4880.0,2092.0,1752.0,88.0,39.0,3971.0,909.0,8.48,0.9820627802690582,0.2289095945605641
202104,89.2,87.6,50.6,438.0,4428.0,14.0,4880.0,2092.0,1752.0,88.0,39.0,3971.0,909.0,8.48,0.9820627802690582,0.2289095945605641
2019/2020,,,,,,,,,,,,,,,,
201905,84.6 ,83.8 ,49.5 ,995.0,4150.0,20.0,5165.0,2115.0,1950.0,96.0,34.0,4195.0,970.0,8.1,0.9905437352245863,0.23122765196662692
201906,84.6 ,83.8 ,49.5 ,1070.0,4150.0,20.0,5240.0,2115.0,1950.0,96.0,34.0,4195.0,1045.0,8.25,0.9905437352245863,0.24910607866507747
201907,80.0 ,79.3 ,48.5 ,1050.0,3845.0,20.0,4915.0,2115.0,1875.0,96.0,34.0,4120.0,795.0,8.4,0.99125,0.1929611650485437
201908,76.7,75.9,48.5,1070.0,3680.0,20.0,4771.0,2115.0,1775.0,96.0,30.0,4016.0,755.0,8.4,0.9895697522816167,0.1879980079681275
201909,76.7,75.9,47.9,1005.0,3633.0,20.0,4658.0,2115.0,1775.0,96.0,32.0,4018.0,640.0,8.5,0.9895697522816167,0.15928322548531607
201910,76.5,75.6,46.9,913.0,3550.0,20.0,4483.0,2120.0,1775.0,96.0,32.0,4023.0,460.0,9,0.988235294117647,0.114342530449913
201911,76.5,75.6,46.9,913.0,3550.0,20.0,4483.0,2105.0,1775.0,96.0,32.0,4008.0,475.0,9,0.988235294117647,0.1185129740518962
201912,76.5,75.6,46.9,913.0,3550.0,20.0,4483.0,2105.0,1775.0,96.0,32.0,4008.0,475.0,8.85,0.988235294117647,0.1185129740518962
202001,76.1,75,47.4,909.0,3558.0,15.0,4482.0,2105.0,1775.0,96.0,32.0,4008.0,475.0,9,0.985545335085414,0.1185129740518962
202002,76.1,75,47.4,909.0,3558.0,15.0,4482.0,2105.0,1825.0,96.0,32.0,4058.0,425.0,8.75,0.985545335085414,0.10473139477575161
202003,76.1,75,47.4,909.0,3558.0,15.0,4482.0,2105.0,1825.0,99.0,29.0,4058.0,425.0,8.7,0.985545335085414,0.10473139477575161
202004,76.1,75,47.4,909.0,3558.0,15.0,4482.0,2125.0,1775.0,97.0,5.0,4002.0,480.0,8.65,0.985545335085414,0.1199400299850075
202005,76.1,75,47.4,909.0,3557.0,15.0,4481.0,2125.0,1675.0,97.0,4.0,3901.0,580.0,8.5,0.985545335085414,0.1486798256857216
202006,76.1,75,47.4,909.0,3552.0,15.0,4476.0,2140.0,1650.0,97.0,4.0,3891.0,585.0,8.5,0.985545335085414,0.15034695451040864
202007,76.1,75,47.4,909.0,3552.0,15.0,4476.0,2155.0,1650.0,97.0,-46.0,3857.0,620.0,8.55,0.985545335085414,0.1607466943220119
202008,76.1,75,47.4,909.0,3552.0,15.0,4476.0,2160.0,1650.0,97.0,-46.0,3862.0,615.0,8.55,0.985545335085414,0.15924391506991195
202009,76.1,75,47.4,909.0,3552.0,16.0,4477.0,2170.0,1680.0,97.0,-45.0,3903.0,575.0,8.55,0.985545335085414,0.14732257238022034
202010,76.1,74.9,47.4,909.0,3552.0,15.0,4476.0,2165.0,1676.0,96.0,16.0,3953.0,523.0,8.57,0.9842312746386336,0.1323045788009107
202011,76.1,74.9,47.4,909.0,3552.0,15.0,4476.0,2165.0,1676.0,96.0,16.0,3953.0,523.0,8.57,0.9842312746386336,0.1323045788009107
202012,76.1,74.9,47.4,909.0,3552.0,15.0,4476.0,2165.0,1676.0,96.0,16.0,3953.0,523.0,8.57,0.9842312746386336,0.1323045788009107
202101,76.1,74.9,47.4,909.0,3552.0,15.0,4476.0,2165.0,1682.0,96.0,9.0,3952.0,525.0,8.57,0.9842312746386336,0.13284412955465588
202102,76.1,74.9,47.4,909.0,3552.0,15.0,4476.0,2165.0,1682.0,96.0,9.0,3952.0,525.0,8.57,0.9842312746386336,0.13284412955465588
202103,76.1,74.9,47.4,909.0,3552.0,15.0,4476.0,2165.0,1682.0,96.0,9.0,3952.0,525.0,8.57,0.9842312746386336,0.13284412955465588
202104,76.1,74.9,47.4,909.0,3552.0,15.0,4476.0,2165.0,1682.0,96.0,9.0,3952.0,525.0,8.57,0.9842312746386336,0.13284412955465588
202105,76.1,74.9,47.4,909.0,3552.0,15.0,4476.0,2165.0,1682.0,96.0,9.0,3952.0,525.0,8.57,0.9842312746386336,0.13284412955465588
202106,76.1,74.9,47.4,909.0,3552.0,15.0,4476.0,2165.0,1682.0,96.0,9.0,3952.0,525.0,8.57,0.9842312746386336,0.13284412955465588
202107,76.1,74.9,47.4,909.0,3552.0,15.0,4476.0,2165.0,1679.0,96.0,12.0,3952.0,525.0,8.57,0.9842312746386336,0.13284412955465588
202108,76.1,74.9,47.4,909.0,3552.0,15.0,4476.0,2165.0,1679.0,96.0,12.0,3952.0,525.0,8.57,0.9842312746386336,0.13284412955465588
202109,76.1,74.9,47.4,909.0,3552.0,15.0,4476.0,2165.0,1679.0,96.0,12.0,3952.0,525.0,8.57,0.9842312746386336,0.13284412955465588
202110,76.1,74.9,47.4,909.0,3552.0,15.0,4476.0,2165.0,1679.0,97.0,11.0,3952.0,525.0,8.57,0.9842312746386336,0.13284412955465588
202111,76.1,74.9,47.4,909.0,3552.0,15.0,4476.0,2165.0,1679.0,97.0,11.0,3952.0,525.0,8.57,0.9842312746386336,0.13284412955465588
202112,76.1,74.9,47.4,909.0,3552.0,15.0,4476.0,2165.0,1679.0,97.0,11.0,3952.0,525.0,8.57,0.9842312746386336,0.13284412955465588
202201,76.1,74.9,47.4,909.0,3552.0,15.0,4476.0,2165.0,1679.0,97.0,11.0,3952.0,525.0,8.57,0.9842312746386336,0.13284412955465588
202202,76.1,74.9,47.4,909.0,3552.0,15.0,4476.0,2165.0,1679.0,97.0,11.0,3952.0,525.0,8.57,0.9842312746386336,0.13284412955465588
202203,76.1,74.9,47.4,909.0,3552.0,15.0,4476.0,2165.0,1679.0,97.0,11.0,3952.0,525.0,8.57,0.9842312746386336,0.13284412955465588
202204,76.1,74.9,47.4,909.0,3552.0,15.0,4476.0,2165.0,1679.0,97.0,11.0,3952.0,525.0,8.57,0.9842312746386336,0.13284412955465588
2020/2021,,,,,,,,,,,,,,,,
202005,83.5 ,82.8 ,49.8 ,580.0,4125.0,15.0,4720.0,2130.0,2050.0,100.0,35.0,4315.0,405.0,8.2,0.9916167664670659,0.09385863267670916
202006,83.5 ,82.8 ,49.8 ,585.0,4125.0,15.0,4725.0,2145.0,2050.0,100.0,35.0,4330.0,395.0,8.2,0.9916167664670659,0.09122401847575058
202007,83.8 ,83.0 ,49.8 ,620.0,4135.0,15.0,4770.0,2160.0,2050.0,100.0,35.0,4345.0,425.0,8.5,0.9904534606205251,0.09781357882623705
202008,83.8,83,53.3,615.0,4425.0,15.0,5055.0,2180.0,2125.0,100.0,40.0,4445.0,610.0,8.35,0.9904534606205251,0.1372328458942632
202009,83.8,83,51.9,575.0,4313.0,15.0,4903.0,2180.0,2125.0,100.0,38.0,4442.0,460.0,9.25,0.9904534606205251,0.10355695632597929
202010,83.1,82.3,51.9,523.0,4268.0,15.0,4806.0,2180.0,2200.0,100.0,36.0,4516.0,290.0,9.8,0.9903730445246691,0.06421612046058459
202011,83.1,82.3,50.7,523.0,4170.0,15.0,4709.0,2180.0,2200.0,103.0,35.0,4519.0,190.0,10.4,0.9903730445246691,0.042044700154901526
202012,83.1,82.3,50.7,523.0,4170.0,15.0,4709.0,2195.0,2200.0,103.0,35.0,4534.0,175.0,10.55,0.9903730445246691,0.03859726510807234
202101,83.1,82.3,50.2,525.0,4135.0,35.0,4695.0,2200.0,2230.0,103.0,22.0,4555.0,140.0,11.15,0.9903730445246691,0.030735455543358946
202102,83.1,82.3,50.2,525.0,4135.0,35.0,4695.0,2200.0,2250.0,103.0,22.0,4575.0,120.0,11.15,0.9903730445246691,0.02622950819672131
202103,83.1,82.3,50.2,525.0,4135.0,35.0,4695.0,2200.0,2250.0,104.0,21.0,4575.0,120.0,11.15,0.9903730445246691,0.02622950819672131
202104,83.1,82.3,50.2,525.0,4135.0,35.0,4695.0,2190.0,2280.0,102.0,4.0,4575.0,120.0,11.25,0.9903730445246691,0.02622950819672131
202105,83.1,82.3,50.2,525.0,4135.0,35.0,4695.0,2190.0,2280.0,102.0,4.0,4575.0,120.0,11.25,0.9903730445246691,0.02622950819672131
202106,83.1,82.3,50.2,525.0,4135.0,35.0,4695.0,2175.0,2280.0,102.0,4.0,4560.0,135.0,11.25,0.9903730445246691,0.029605263157894735
202107,83.1,82.3,50.2,525.0,4135.0,20.0,4680.0,2170.0,2270.0,102.0,4.0,4545.0,135.0,11.05,0.9903730445246691,0.0297029702970297
202108,83.1,82.3,50.2,525.0,4135.0,20.0,4680.0,2155.0,2260.0,102.0,4.0,4520.0,160.0,10.9,0.9903730445246691,0.035398230088495575
202109,83.1,82.3,50.2,525.0,4135.0,20.0,4680.0,2140.0,2260.0,101.0,4.0,4505.0,175.0,10.9,0.9903730445246691,0.038845726970033294
202110,83.4,82.6,51,525.0,4216.0,20.0,4761.0,2141.0,2265.0,101.0,-3.0,4505.0,256.0,10.8,0.9904076738609111,0.05682574916759157
202111,83.4,82.6,51,525.0,4216.0,20.0,4761.0,2141.0,2265.0,101.0,-3.0,4505.0,256.0,10.8,0.9904076738609111,0.05682574916759157
202112,83.4,82.6,51,525.0,4216.0,20.0,4761.0,2141.0,2265.0,101.0,-3.0,4505.0,256.0,10.8,0.9904076738609111,0.05682574916759157
202201,83.4,82.6,51,525.0,4216.0,20.0,4761.0,2141.0,2265.0,101.0,-4.0,4504.0,257.0,10.8,0.9904076738609111,0.05706039076376554
202202,83.4,82.6,51,525.0,4216.0,20.0,4761.0,2141.0,2261.0,101.0,1.0,4504.0,257.0,10.8,0.9904076738609111,0.05706039076376554
202203,83.4,82.6,51,525.0,4216.0,20.0,4761.0,2141.0,2261.0,101.0,1.0,4504.0,257.0,10.8,0.9904076738609111,0.05706039076376554
202204,83.4,82.6,51,525.0,4216.0,20.0,4761.0,2141.0,2261.0,101.0,1.0,4504.0,257.0,10.8,0.9904076738609111,0.05706039076376554
202205,83.4,82.6,51,525.0,4216.0,20.0,4761.0,2141.0,2261.0,101.0,1.0,4504.0,257.0,10.8,0.9904076738609111,0.05706039076376554
202206,83.4,82.6,51,525.0,4216.0,20.0,4761.0,2141.0,2261.0,101.0,1.0,4504.0,257.0,10.8,0.9904076738609111,0.05706039076376554
202207,83.4,82.6,51,525.0,4216.0,20.0,4761.0,2141.0,2261.0,101.0,1.0,4504.0,257.0,10.8,0.9904076738609111,0.05706039076376554
202208,83.4,82.6,51,525.0,4216.0,20.0,4761.0,2141.0,2266.0,101.0,-4.0,4504.0,257.0,10.8,0.9904076738609111,0.05706039076376554
202209,83.4,82.6,51,525.0,4216.0,20.0,4761.0,2141.0,2266.0,101.0,-4.0,4504.0,257.0,10.8,0.9904076738609111,0.05706039076376554
202210,83.4,82.6,51,525.0,4216.0,20.0,4761.0,2141.0,2266.0,101.0,-4.0,4504.0,257.0,10.8,0.9904076738609111,0.05706039076376554
2021/2022,,,,,,,,,,,,,,,,
202105,87.6 ,86.7 ,50.8 ,120.0,4405.0,35.0,4560.0,2225.0,2075.0,104.0,15.0,4420.0,140.0,13.85,0.9897260273972603,0.03167420814479638
202106,87.6 ,86.7 ,50.8 ,135.0,4405.0,35.0,4575.0,2225.0,2075.0,104.0,15.0,4420.0,155.0,13.85,0.9897260273972603,0.03506787330316742
202107,87.6 ,86.7 ,50.8 ,135.0,4405.0,35.0,4575.0,2225.0,2075.0,104.0,15.0,4420.0,155.0,13.7,0.9897260273972603,0.03506787330316742
202108,87.6,86.7,50,160.0,4339.0,35.0,4533.0,2205.0,2055.0,104.0,14.0,4379.0,155.0,13.7,0.9897260273972603,0.03539620918017812
202109,87.2,86.4,50.6,175.0,4374.0,25.0,4574.0,2180.0,2090.0,104.0,14.0,4389.0,185.0,12.9,0.9908256880733946,0.042150831624515835
202110,87.2,86.4,51.5,256.0,4448.0,15.0,4719.0,2190.0,2090.0,104.0,15.0,4399.0,320.0,12.35,0.9908256880733946,0.07274380541032052
202111,87.2,86.4,51.2,256.0,4425.0,15.0,4696.0,2190.0,2050.0,102.0,15.0,4356.0,340.0,12.1,0.9908256880733946,0.0780532598714417
202112,87.2,86.4,51.2,256.0,4425.0,15.0,4696.0,2190.0,2050.0,102.0,15.0,4356.0,340.0,12.1,0.9908256880733946,0.0780532598714417
202201,87.2,86.3,51.4,257.0,4435.0,15.0,4707.0,2190.0,2050.0,102.0,16.0,4357.0,350.0,12.6,0.9896788990825688,0.0803305026394308
202202,87.2,86.3,51.4,257.0,4435.0,15.0,4707.0,2215.0,2050.0,102.0,16.0,4382.0,325.0,13,0.9896788990825688,0.07416704701049749
202203,87.2,86.3,51.4,257.0,4435.0,15.0,4707.0,2215.0,2090.0,102.0,15.0,4422.0,285.0,13.25,0.9896788990825688,0.06445047489823609
202204,87.2,86.3,51.4,257.0,4435.0,15.0,4707.0,2215.0,2115.0,106.0,12.0,4447.0,260.0,13.25,0.9896788990825688,0.05846638183044749
202205,87.2,86.3,51.4,257.0,4435.0,15.0,4707.0,2215.0,2140.0,106.0,12.0,4472.0,235.0,13.25,0.9896788990825688,0.05254919499105545
202206,87.2,86.3,51.4,257.0,4435.0,15.0,4707.0,2215.0,2170.0,106.0,12.0,4502.0,205.0,13.35,0.9896788990825688,0.045535317636605954
202207,87.2,86.3,51.4,257.0,4435.0,15.0,4707.0,2205.0,2170.0,103.0,15.0,4492.0,215.0,13.35,0.9896788990825688,0.04786286731967943
202208,87.2,86.3,51.4,257.0,4435.0,15.0,4707.0,2205.0,2160.0,102.0,15.0,4482.0,225.0,13.3,0.9896788990825688,0.050200803212851405
202209,87.2,86.3,51.4,257.0,4435.0,15.0,4707.0,2205.0,2145.0,102.0,16.0,4467.0,240.0,13.3,0.9896788990825688,0.053727333781061114
202210,87.2,86.3,51.7,257.0,4465.0,16.0,4738.0,2204.0,2158.0,102.0,2.0,4465.0,274.0,13.3,0.9896788990825688,0.061366181410974247
2022/2023,,,,,,,,,,,,,,,,
202205,91.0 ,90.1 ,51.5 ,235.0,4640.0,15.0,4890.0,2255.0,2200.0,102.0,23.0,4580.0,310.0,14.4,0.99010989010989,0.06768558951965066
202206,91.0 ,90.1 ,51.5 ,205.0,4640.0,15.0,4860.0,2255.0,2200.0,102.0,23.0,4580.0,280.0,14.7,0.99010989010989,0.0611353711790393
202207,88.3 ,87.5 ,51.5 ,215.0,4505.0,15.0,4735.0,2245.0,2135.0,102.0,23.0,4505.0,230.0,14.4,0.9909399773499434,0.051054384017758046
202208,88,87.2,51.9,225.0,4531.0,15.0,4771.0,2245.0,2155.0,102.0,24.0,4526.0,245.0,14.35,0.990909090909091,0.05413168360583297
202209,87.5,86.6,50.5,240.0,4378.0,15.0,4633.0,2225.0,2085.0,102.0,21.0,4433.0,200.0,14.35,0.9897142857142857,0.04511617414843221
202210,87.5,86.6,49.8,274.0,4313.0,15.0,4602.0,2235.0,2045.0,102.0,20.0,4402.0,200.0,14,0.9897142857142857,0.04543389368468878
