month,Beginning Stocks,Production,Imports," Supply, Total",Domestic Disappearance,Biofuel,"Food,Feed&other Industrial",Exports,"Use, Total",Ending Stocks,Avg. Farm Price (c/lb),Stock to Use
2008/2009,,,,,,,,,,,,
201007,2485.0,18745,90.0,21319.0,16265.0,,,2193.0,18459.0,2861.0,32.16,0.15499214475323692
201008,2485.0,18745,90.0,21319.0,16265.0,,,2193.0,18459.0,2861.0,32.16,0.15499214475323692
201009,2485.0,18745,90.0,21319.0,16265.0,,,2193.0,18459.0,2861.0,32.16,0.15499214475323692
201010,2485.0,18745,90.0,21319.0,16265.0,,,2193.0,18459.0,2861.0,32.16,0.15499214475323692
201011,2485.0,18745,90.0,21319.0,16265.0,,,2193.0,18459.0,2861.0,32.16,0.15499214475323692
201012,2485.0,18745,90.0,21319.0,16265.0,,,2193.0,18459.0,2861.0,32.16,0.15499214475323692
201101,2485.0,18745,90.0,21319.0,16265.0,,,2193.0,18459.0,2861.0,32.16,0.15499214475323692
201102,2485.0,18745,90.0,21319.0,16265.0,,,2193.0,18459.0,2861.0,32.16,0.15499214475323692
201103,2485.0,18745,90.0,21319.0,16265.0,,,2193.0,18459.0,2861.0,32.16,0.15499214475323692
201104,2485.0,18745,90.0,21319.0,16265.0,,,2193.0,18459.0,2861.0,32.16,0.15499214475323692
2009/2010,,,,,,,,,,,,
201007,2861.0,"19,500 ",105.0,22466.0,16300.0,,,3250.0,19550.0,2916.0,35.5,0.14915601023017902
201008,2861.0,"19,555 ",110.0,22526.0,16100.0,,,3250.0,19350.0,3176.0,35.5,0.1641343669250646
201009,2861.0,"19,535 ",110.0,22506.0,15950.0,,,3350.0,19300.0,3206.0,35.75,0.1661139896373057
201010,2861.0,19555,110.0,22526.0,15950.0,,,3400.0,19350.0,3176.0,35.67,0.1641343669250646
201011,2861.0,19615,105.0,22581.0,15822.0,,,3400.0,19222.0,3358.0,35.95,0.174695661221517
201012,2861.0,19614,103.0,22577.0,15863.0,,,3357.0,19219.0,3358.0,35.95,0.17472293043342527
201101,2861.0,19614,103.0,22577.0,15863.0,,,3357.0,19219.0,3358.0,35.95,0.17472293043342527
201102,2861.0,19614,103.0,22577.0,15863.0,,,3357.0,19219.0,3358.0,35.95,0.17472293043342527
201103,2861.0,19614,103.0,22577.0,15863.0,,,3357.0,19219.0,3358.0,35.95,0.17472293043342527
201104,2861.0,19614,103.0,22577.0,15863.0,,,3357.0,19219.0,3358.0,35.95,0.17472293043342527
201105,2861.0,19614,103.0,22577.0,15863.0,,14182,3357.0,19219.0,3358.0,35.95,0.17472293043342527
201106,2861.0,19614,103.0,22577.0,15863.0,,14182,3357.0,19219.0,3358.0,35.95,0.17472293043342527
201107,2861.0,19615,103.0,22578.0,15816.0,,14136,3357.0,19173.0,3406.0,35.95,0.1776456475251656
201108,2861.0,19615,103.0,22578.0,15814.0,,14134,3359.0,19173.0,3406.0,35.95,0.1776456475251656
201109,2861.0,19615,103.0,22578.0,15814.0,,14134,3359.0,19173.0,3406.0,35.95,0.1776456475251656
201110,2861.0,19615,103.0,22578.0,15814.0,,14134,3359.0,19173.0,3406.0,35.95,0.1776456475251656
201111,2861.0,19615,103.0,22578.0,15814.0,,14134,3359.0,19173.0,3406.0,35.95,0.1776456475251656
201112,2861.0,19615,103.0,22578.0,15814.0,,14134,3359.0,19173.0,3406.0,35.95,0.1776456475251656
201201,2861.0,19615,103.0,22578.0,15814.0,,14134,3359.0,19173.0,3406.0,35.95,0.1776456475251656
201202,2861.0,19615,103.0,22578.0,15814.0,,14134,3359.0,19173.0,3406.0,35.95,0.1776456475251656
201203,2861.0,19615,103.0,22578.0,15814.0,,14134,3359.0,19173.0,3406.0,35.95,0.1776456475251656
201204,2861.0,19615,103.0,22578.0,15814.0,,14134,3359.0,19173.0,3406.0,35.95,0.1776456475251656
2010/2011,,,,,,,,,,,,
201007,2916.0,18755,115.0,21786.0,17300.0,,,2100.0,19400.0,2386.0,34.00 - 38.00,0.12298969072164949
201008,3176.0,18810,115.0,22101.0,17400.0,,,2100.0,19500.0,2601.0,36.50 - 40.50,0.13338461538461538
201009,3206.0,18810,115.0,22131.0,17400.0,,,2100.0,19500.0,2631.0,37.50 - 41.50,0.13492307692307692
201010,3176.0,18980,115.0,22271.0,17400.0,,,2500.0,19900.0,2371.0,39.50 - 43.50,0.11914572864321608
201011,3358.0,18980,115.0,22453.0,17100.0,,,2700.0,19800.0,2653.0,42.50 - 46.50,0.133989898989899
201012,3358.0,18980,115.0,22453.0,17100.0,,,2700.0,19800.0,2653.0,45.00 - 49.00,0.133989898989899
201101,3358.0,19000,115.0,22473.0,17100.0,,,2700.0,19800.0,2673.0,48.00 - 52.00,0.135
201102,3358.0,19000,115.0,22473.0,17100.0,,,2800.0,19900.0,2573.0,51.00 - 55.00,0.1292964824120603
201103,3358.0,19035,115.0,22508.0,17100.0,,,3000.0,20100.0,2408.0,51.50 - 55.50,0.11980099502487562
201104,3358.0,19025,175.0,22558.0,17100.0,,,3100.0,20200.0,2358.0,53.00 - 55.00,0.11673267326732674
201105,3358.0,"19,040 ",175.0,22573.0,16800.0,,14300,3300.0,20100.0,2473.0,53.5,0.12303482587064676
201106,3358.0,19090,175.0,22623.0,16600.0,,14200,3200.0,19800.0,2823.0,54,0.14257575757575758
201107,3406.0,19090,175.0,22671.0,16600.0,,14300,3200.0,19800.0,2871.0,53.5,0.145
201108,3406.0,19035,175.0,22616.0,16600.0,,14450,3200.0,19800.0,2816.0,53.25,0.14222222222222222
201109,3406.0,19075,160.0,22641.0,16600.0,,14200,3200.0,19800.0,2841.0,53.25,0.1434848484848485
201110,3406.0,19050,160.0,22616.0,16600.0,,14100,3200.0,19800.0,2816.0,53.2,0.14222222222222222
201111,3406.0,18888,160.0,22454.0,16779.0,,14229,3250.0,20029.0,2425.0,53.2,0.12107444205901442
201112,3406.0,18888,159.0,22453.0,16795.0,,14245,3233.0,20028.0,2425.0,53.2,0.12108048731775514
201201,3406.0,18888,159.0,22453.0,16795.0,,14245,3233.0,20028.0,2425.0,53.2,0.12108048731775514
201202,3406.0,18888,159.0,22453.0,16795.0,,14245,3233.0,20028.0,2425.0,53.2,0.12108048731775514
201203,3406.0,18888,159.0,22453.0,16795.0,,14245,3233.0,20028.0,2425.0,53.2,0.12108048731775514
201204,3406.0,18888,159.0,22453.0,16795.0,,14245,3233.0,20028.0,2425.0,53.2,0.12108048731775514
201205,3406.0,18888,159.0,22453.0,16795.0,,,3233.0,20028.0,2425.0,53.2,0.12108048731775514
201206,3406.0,18888,159.0,22453.0,16795.0,,,3233.0,20028.0,2425.0,53.2,0.12108048731775514
201207,3406.0,18888,159.0,22453.0,16795.0,,,3233.0,20028.0,2425.0,53.2,0.12108048731775514
201208,3406.0,18888,159.0,22453.0,16795.0,,,3233.0,20028.0,2425.0,53.2,0.12108048731775514
201209,3406.0,18888,159.0,22453.0,16795.0,,,3233.0,20028.0,2425.0,53.2,0.12108048731775514
201210,3406.0,18888,159.0,22453.0,16795.0,,,3233.0,20028.0,2425.0,53.2,0.12108048731775514
201211,3406.0,18888,159.0,22453.0,16795.0,2737,14058,3233.0,20028.0,2425.0,53.2,0.12108048731775514
201212,3406.0,18888,159.0,22453.0,16795.0,2737,14058,3233.0,20028.0,2425.0,53.2,0.12108048731775514
201301,3406.0,18888,159.0,22453.0,16795.0,2737,14058,3233.0,20028.0,2425.0,53.2,0.12108048731775514
201302,3406.0,18888,159.0,22453.0,16795.0,2737,14058,3233.0,20028.0,2425.0,53.2,0.12108048731775514
201303,3406.0,18888,159.0,22453.0,16795.0,2737,14058,3233.0,20028.0,2425.0,53.2,0.12108048731775514
201304,3406.0,18888,159.0,22453.0,16795.0,2737,14058,3233.0,20028.0,2425.0,53.2,0.12108048731775514
2011/2012,,,,,,,,,,,,
201105,2473.0,18900,185.0,21558.0,17950.0,,14450,1600.0,19550.0,2008.0,56.00 - 60.00,0.10271099744245524
201106,2823.0,18900,185.0,21908.0,17950.0,,14450,1800.0,19750.0,2158.0,58.00 - 62.00,0.10926582278481013
201107,2871.0,18900,185.0,21956.0,17950.0,,14450,1800.0,19750.0,2206.0,54.00 - 58.00,0.11169620253164557
201108,2816.0,18670,185.0,21671.0,18050.0,,14550,1650.0,19700.0,1971.0,54.50 - 58.50,0.1000507614213198
201109,2841.0,18670,185.0,21696.0,17750.0,,14150,1800.0,19550.0,2146.0,55.00 - 59.00,0.10976982097186701
201110,2816.0,18670,185.0,21671.0,17700.0,,14100,1800.0,19500.0,2171.0,53.00 - 57.00,0.11133333333333334
201111,2425.0,18670,185.0,21280.0,17700.0,,14100,1500.0,19200.0,2080.0,53.00 - 57.00,0.10833333333333334
201112,2425.0,18770,185.0,21380.0,17700.0,,14100,1400.0,19100.0,2280.0,50.50 - 54.50,0.1193717277486911
201201,2425.0,18605,185.0,21215.0,17700.0,,14100,1200.0,18900.0,2315.0,50.50 - 54.50,0.12248677248677249
201202,2425.0,18605,185.0,21215.0,17700.0,,14100,1200.0,18900.0,2315.0,50.50 - 54.50,0.12248677248677249
201203,2425.0,18605,185.0,21215.0,17600.0,,14000,1200.0,18800.0,2415.0,50.50 - 54.50,0.12845744680851065
201204,2425.0,18780,185.0,21390.0,17900.0,,13900,1200.0,19100.0,2290.0,52.50 - 54.50,0.11989528795811519
201205,2425.0,19055,185.0,21665.0,17900.0,,,1200.0,19100.0,2565.0,53.5,0.1342931937172775
201206,2425.0,19280,185.0,21890.0,18100.0,,,1200.0,19300.0,2590.0,51.5,0.13419689119170986
201207,2425.0,19450,185.0,22060.0,18100.0,,,1300.0,19400.0,2660.0,51.75,0.13711340206185568
201208,2425.0,19625,185.0,22235.0,18300.0,,,1350.0,19650.0,2585.0,51.75,0.13155216284987278
201209,2425.0,19795,150.0,22370.0,18200.0,,,1450.0,19650.0,2720.0,52,0.13842239185750635
201210,2425.0,19795,150.0,22370.0,18300.0,,,1450.0,19750.0,2620.0,51.9,0.13265822784810127
201211,2425.0,19740,149.0,22314.0,18310.0,4900,13410,1464.0,19774.0,2540.0,51.9,0.12845150197228683
201212,2425.0,19740,149.0,22314.0,18310.0,4870,13440,1464.0,19774.0,2540.0,51.9,0.12845150197228683
201301,2425.0,19740,149.0,22314.0,18310.0,4870,13440,1464.0,19774.0,2540.0,51.9,0.12845150197228683
201302,2425.0,19740,149.0,22314.0,18310.0,4870,13440,1464.0,19774.0,2540.0,51.9,0.12845150197228683
201303,2425.0,19740,149.0,22314.0,18310.0,4870,13440,1464.0,19774.0,2540.0,51.9,0.12845150197228683
201304,2425.0,19740,149.0,22314.0,18310.0,4870,13440,1464.0,19774.0,2540.0,51.9,0.12845150197228683
201305,2425.0,19740,149.0,22314.0,18310.0,4870,13440,1464.0,19774.0,2540.0,51.9,0.12845150197228683
201306,2425.0,19740,149.0,22314.0,18310.0,4870,13440,1464.0,19774.0,2540.0,51.9,0.12845150197228683
201307,2425.0,19740,149.0,22314.0,18310.0,4870,13440,1464.0,19774.0,2540.0,51.9,0.12845150197228683
201308,2425.0,19740,149.0,22314.0,18310.0,4870,13440,1464.0,19774.0,2540.0,51.9,0.12845150197228683
201309,2425.0,19740,149.0,22314.0,18310.0,4870,13440,1464.0,19774.0,2540.0,51.9,0.12845150197228683
201311,2425.0,19740,149.0,22314.0,18310.0,4870,13440,1464.0,19774.0,2540.0,51.9,0.12845150197228683
201312,2425.0,19740,149.0,22314.0,18310.0,4874,13436,1464.0,19774.0,2540.0,51.9,0.12845150197228683
201401,2425.0,19740,149.0,22314.0,18310.0,4874,13436,1464.0,19774.0,2540.0,51.9,0.12845150197228683
201402,2425.0,19740,149.0,22314.0,18310.0,4874,13436,1464.0,19774.0,2540.0,51.9,0.12845150197228683
201403,2425.0,19740,149.0,22314.0,18310.0,4874,13436,1464.0,19774.0,2540.0,51.9,0.12845150197228683
201404,2425.0,19740,149.0,22314.0,18310.0,4874,13436,1464.0,19774.0,2540.0,51.9,0.12845150197228683
2012/2013,,,,,,,,,,,,
201205,2565.0,18915,195.0,21675.0,18200.0,,,1250.0,19450.0,2225.0,52.50 - 56.50,0.11439588688946016
201206,2590.0,18800,195.0,21585.0,18200.0,,,1250.0,19450.0,2135.0,52.50 - 56.50,0.10976863753213367
201207,2660.0,18400,195.0,21255.0,18000.0,,,1250.0,19250.0,2005.0,52.50 - 56.50,0.10415584415584415
201208,2585.0,17315,195.0,20095.0,17600.0,,,1200.0,18800.0,1295.0,53.00 - 57.00,0.06888297872340425
201209,2720.0,17145,195.0,20060.0,17600.0,,,1200.0,18800.0,1260.0,54.00 - 58.00,0.06702127659574468
201210,2620.0,17600,350.0,20570.0,18100.0,,,1200.0,19300.0,1270.0,53.00 - 57.00,0.06580310880829016
201211,2540.0,17830,350.0,20720.0,18000.0,4900,13100,1200.0,19200.0,1520.0,51.00 - 55.00,0.07916666666666666
201212,2540.0,18290,350.0,21180.0,17900.0,4900,13000,1800.0,19700.0,1480.0,49.00 - 53.00,0.0751269035532995
201301,2540.0,18700,350.0,21590.0,17900.0,4900,13000,2150.0,20050.0,1540.0,49.00 - 53.00,0.07680798004987531
201302,2540.0,18975,350.0,21865.0,17900.0,4900,13000,2300.0,20200.0,1665.0,49.00 - 53.00,0.08242574257425743
201303,2540.0,18975,350.0,21865.0,17900.0,4900,13000,2300.0,20200.0,1665.0,48.50 - 51.50,0.08242574257425743
201304,2540.0,19210,350.0,22100.0,18100.0,4900,13200,2300.0,20400.0,1700.0,48.00 - 50.00,0.08333333333333333
201305,2540.0,19295,350.0,22185.0,18350.0,4900,13450,2200.0,20550.0,1635.0,49,0.07956204379562044
201306,2540.0,19590,350.0,22480.0,18550.0,4900,13650,2200.0,20750.0,1730.0,48.5,0.08337349397590361
201307,2540.0,19605,350.0,22495.0,18550.0,4800,13750,2200.0,20750.0,1745.0,48,0.08409638554216868
201308,2540.0,19780,350.0,22670.0,18550.0,4600,13950,2150.0,20700.0,1970.0,47,0.09516908212560386
201309,2540.0,19840,250.0,22630.0,18550.0,4600,13950,2150.0,20700.0,1930.0,47.25,0.09323671497584542
201311,2540.0,19820,205.0,22565.0,18660.0,4600,14060,2200.0,20860.0,1705.0,47.13,0.08173537871524449
201312,2540.0,19820,196.0,22556.0,18686.0,4617,14069,2164.0,20851.0,1705.0,47.13,0.0817706584816076
201401,2540.0,19820,196.0,22556.0,18686.0,4617,14069,2164.0,20851.0,1705.0,47.13,0.0817706584816076
201402,2540.0,19820,196.0,22556.0,18686.0,4617,14069,2164.0,20851.0,1705.0,47.13,0.0817706584816076
201403,2540.0,19820,196.0,22556.0,18686.0,4617,14069,2164.0,20851.0,1705.0,47.13,0.0817706584816076
201404,2540.0,19820,196.0,22556.0,18686.0,4617,14069,2164.0,20851.0,1705.0,47.13,0.0817706584816076
201405,2540.0,19820,196.0,22556.0,18686.0,4689,13997,2164.0,20851.0,1705.0,47.13,0.0817706584816076
201406,2540.0,19820,196.0,22556.0,18686.0,4689,13997,2164.0,20851.0,1705.0,47.13,0.0817706584816076
201407,2540.0,19820,196.0,22556.0,18686.0,4689,13997,2164.0,20851.0,1705.0,47.13,0.0817706584816076
201408,2540.0,19820,196.0,22555.0,18687.0,4689,13998,2164.0,20850.0,1705.0,47.13,0.08177458033573141
201409,2540.0,19820,196.0,22555.0,18687.0,4689,13998,2164.0,20850.0,1705.0,47.13,0.08177458033573141
201410,2540.0,19820,196.0,22555.0,18687.0,4689,13998,2164.0,20850.0,1705.0,47.13,0.08177458033573141
201411,2540.0,19820,196.0,22555.0,18687.0,4689,13998,2164.0,20850.0,1705.0,47.13,0.08177458033573141
201412,2540.0,19820,196.0,22555.0,18687.0,4689,13998,2164.0,20850.0,1705.0,47.13,0.08177458033573141
201501,2540.0,19820,196.0,22555.0,18687.0,4689,13998,2164.0,20850.0,1705.0,47.13,0.08177458033573141
201502,2540.0,19820,196.0,22555.0,18687.0,4689,13998,2164.0,20850.0,1705.0,47.13,0.08177458033573141
201503,2540.0,19820,196.0,22555.0,18687.0,4689,13998,2164.0,20850.0,1705.0,47.13,0.08177458033573141
201504,2540.0,19820,196.0,22555.0,18687.0,4689,13998,2164.0,20850.0,1705.0,47.13,0.08177458033573141
2013/2014,,,,,,,,,,,,
201305,1635.0,19495,250.0,21380.0,18550.0,5400,13150,1300.0,19850.0,1530.0,47.00 - 51.00,0.07707808564231738
201306,1730.0,19495,250.0,21475.0,18550.0,5400,13150,1300.0,19850.0,1625.0,47.00 - 51.00,0.0818639798488665
201307,1745.0,19495,250.0,21490.0,18550.0,5500,13050,1300.0,19850.0,1640.0,47.00 - 51.00,0.08261964735516372
201308,1970.0,19265,250.0,21485.0,18550.0,5700,12850,1300.0,19850.0,1635.0,44.00 - 48.00,0.08236775818639798
201309,1930.0,19035,250.0,21215.0,18550.0,5700,12850,1050.0,19600.0,1615.0,43.00 - 47.00,0.08239795918367347
201311,1705.0,19380,250.0,21335.0,18550.0,5600,12950,1150.0,19700.0,1635.0,40.00 - 44.00,0.08299492385786802
201312,1705.0,19435,250.0,21390.0,18550.0,5200,13350,1150.0,19700.0,1690.0,38.00 - 42.00,0.08578680203045685
201401,1705.0,19840,200.0,21745.0,18550.0,5200,13350,1450.0,20000.0,1745.0,35.50 - 39.50,0.08725
201402,1705.0,19840,200.0,21745.0,18550.0,5200,13350,1450.0,20000.0,1745.0,34.50 - 37.50,0.08725
201403,1705.0,19720,200.0,21625.0,18550.0,4900,13650,1500.0,20050.0,1575.0,36.00 - 39.00,0.07855361596009976
201404,1705.0,19665,200.0,21570.0,18450.0,4800,13650,1550.0,20000.0,1570.0,38.00 - 40.00,0.0785
201405,1705.0,19745,200.0,21650.0,18450.0,4800,13650,1650.0,20100.0,1550.0,40,0.07711442786069651
201406,1705.0,19920,200.0,21825.0,18450.0,4800,13650,1750.0,20200.0,1625.0,39,0.08044554455445545
201407,1705.0,20215,165.0,22085.0,18750.0,4800,13950,1700.0,20450.0,1635.0,39,0.07995110024449878
201408,1705.0,20215,165.0,22085.0,18750.0,4800,13950,1850.0,20600.0,1485.0,38.5,0.0720873786407767
201409,1705.0,20215,165.0,22085.0,18750.0,4800,13950,1900.0,20650.0,1435.0,38.25,0.06949152542372881
201410,1705.0,20205,165.0,22075.0,18850.0,4800,14050,1900.0,20750.0,1325.0,38.23,0.06385542168674699
201411,1705.0,20130,165.0,22000.0,18958.0,4800,14158,1877.0,20835.0,1165.0,38.23,0.05591552675785937
201412,1705.0,20130,165.0,22000.0,18958.0,4800,14158,1877.0,20835.0,1165.0,38.23,0.05591552675785937
201501,1705.0,20130,165.0,22000.0,18958.0,4800,14158,1877.0,20835.0,1165.0,38.23,0.05591552675785937
201502,1705.0,20130,165.0,22000.0,18958.0,4950,14008,1877.0,20835.0,1165.0,38.23,0.05591552675785937
201503,1705.0,20130,165.0,22000.0,18958.0,5010,13949,1877.0,20835.0,1165.0,38.23,0.05591552675785937
201504,1705.0,20130,165.0,22000.0,18958.0,5010,13949,1877.0,20835.0,1165.0,38.23,0.05591552675785937
201505,1705.0,20130,165.0,22000.0,18958.0,5010,13949,1877.0,20835.0,1165.0,38.23,0.05591552675785937
201506,1705.0,20130,165.0,22000.0,18958.0,5010,13949,1877.0,20835.0,1165.0,38.23,0.05591552675785937
201507,1705.0,20130,165.0,22000.0,18958.0,5010,13949,1877.0,20835.0,1165.0,38.23,0.05591552675785937
201508,1705.0,20130,165.0,22000.0,18958.0,5010,13948,1877.0,20835.0,1165.0,38.23,0.05591552675785937
201509,1705.0,20130,165.0,22000.0,18958.0,5010,13948,1877.0,20835.0,1165.0,38.23,0.05591552675785937
201510,1705.0,20130,165.0,22000.0,18958.0,5010,13948,1877.0,20835.0,1165.0,38.23,0.05591552675785937
201511,1655.0,20130,165.0,21950.0,18908.0,5010,13898,1877.0,20785.0,1165.0,38.23,0.056050036083714214
201512,1655.0,20130,165.0,21950.0,18908.0,5010,13898,1877.0,20785.0,1165.0,38.23,0.056050036083714214
201601,1655.0,20130,165.0,21950.0,18908.0,5010,13898,1877.0,20785.0,1165.0,38.23,0.056050036083714214
201602,1655.0,20130,165.0,21950.0,18908.0,5010,13898,1877.0,20785.0,1165.0,38.23,0.056050036083714214
201603,1655.0,20130,165.0,21950.0,18908.0,5010,13898,1877.0,20785.0,1165.0,38.23,0.056050036083714214
201604,1655.0,20130,165.0,21950.0,18908.0,5010,13898,1877.0,20785.0,1165.0,38.23,0.056050036083714214
2014/2015,,,,,,,,,,,,
201405,1550.0,19810,160.0,21520.0,18100.0,4800,13300,1700.0,19800.0,1720.0,37.00 - 41.00,0.08686868686868687
201406,1625.0,19810,160.0,21595.0,18100.0,4800,13300,1700.0,19800.0,1795.0,37.00 - 41.00,0.09065656565656566
201407,1635.0,20270,160.0,22065.0,18200.0,4800,13400,2100.0,20300.0,1765.0,36.00 - 40.00,0.08694581280788177
201408,1485.0,20270,160.0,21915.0,18200.0,4800,13400,2100.0,20300.0,1615.0,35.00 - 39.00,0.07955665024630541
201409,1435.0,20445,160.0,22040.0,18200.0,4800,13400,2100.0,20300.0,1740.0,34.00 - 38.00,0.08571428571428572
201410,1325.0,20445,160.0,21930.0,18300.0,4800,13500,2100.0,20400.0,1530.0,34.00 - 38.00,0.075
201411,1165.0,20560,160.0,21885.0,18450.0,4800,13650,2100.0,20550.0,1335.0,34.00 - 38.00,0.06496350364963503
201412,1165.0,20680,160.0,22005.0,18450.0,4800,13650,2100.0,20550.0,1455.0,32.00 - 36.00,0.0708029197080292
201501,1165.0,20555,160.0,21880.0,18350.0,4700,13650,2100.0,20450.0,1430.0,31.00 - 35.00,0.06992665036674817
201502,1165.0,20580,160.0,21905.0,18350.0,4700,13650,2050.0,20400.0,1505.0,30.00 - 34.00,0.07377450980392157
201503,1165.0,20580,160.0,21905.0,18350.0,4700,13650,2050.0,20400.0,1505.0,30.00 - 34.00,0.07377450980392157
201504,1165.0,20565,200.0,21930.0,18650.0,4700,13950,1900.0,20550.0,1380.0,30.00 - 33.00,0.06715328467153285
201505,1165.0,20625,200.0,21990.0,18850.0,4800,14050,1900.0,20750.0,1240.0,32,0.059759036144578316
201506,1165.0,20735,225.0,22125.0,19000.0,4900,14100,1900.0,20900.0,1225.0,33,0.05861244019138756
201507,1165.0,20905,225.0,22295.0,19000.0,5000,14000,1900.0,20900.0,1395.0,33,0.0667464114832536
201508,1165.0,21055,250.0,22470.0,19000.0,5000,14000,1950.0,20950.0,1520.0,32,0.07255369928400955
201509,1165.0,21300,250.0,22715.0,19100.0,5100,14000,2050.0,21150.0,1565.0,31.75,0.07399527186761229
201510,1165.0,21430,275.0,22870.0,19200.0,5050,14150,2050.0,21250.0,1620.0,31.6,0.07623529411764705
201511,1165.0,21399,264.0,22828.0,18994.0,5050,13944,2014.0,21008.0,1820.0,31.6,0.08663366336633663
201512,1165.0,21399,264.0,22828.0,18994.0,5037,13958,2014.0,21008.0,1820.0,31.6,0.08663366336633663
201601,1165.0,21399,264.0,22828.0,18994.0,5037,13958,2014.0,21008.0,1820.0,31.6,0.08663366336633663
201602,1165.0,21399,264.0,22828.0,18994.0,5037,13958,2014.0,21008.0,1820.0,31.6,0.08663366336633663
201603,1165.0,21399,264.0,22828.0,18959.0,5037,13923,2014.0,20973.0,1855.0,31.6,0.08844705097029514
201604,1165.0,21399,264.0,22828.0,18959.0,5037,13923,2014.0,20973.0,1855.0,31.6,0.08844705097029514
201605,1165.0,21399,264.0,22828.0,18959.0,5037,13923,2014.0,20973.0,1855.0,31.6,0.08844705097029514
201606,1165.0,21399,264.0,22828.0,18959.0,5037,13923,2014.0,20973.0,1855.0,31.6,0.08844705097029514
201607,1165.0,21399,264.0,22828.0,18959.0,5037,13923,2014.0,20973.0,1855.0,31.6,0.08844705097029514
201608,1165.0,21399,264.0,22828.0,18959.0,5037,13922,2014.0,20973.0,1855.0,31.6,0.08844705097029514
201609,1165.0,21399,264.0,22828.0,18959.0,5037,13922,2014.0,20973.0,1855.0,31.6,0.08844705097029514
201610,1165.0,21399,264.0,22828.0,18959.0,5039,13920,2014.0,20973.0,1855.0,31.6,0.08844705097029514
201611,1165.0,21399,264.0,22828.0,18959.0,5039,13920,2014.0,20973.0,1855.0,31.6,0.08844705097029514
201612,1165.0,21399,264.0,22828.0,18959.0,5039,13920,2014.0,20973.0,1855.0,31.6,0.08844705097029514
201701,1165.0,21399,264.0,22828.0,18959.0,5039,13920,2014.0,20973.0,1855.0,31.6,0.08844705097029514
201702,1165.0,21399,264.0,22828.0,18959.0,5039,13920,2014.0,20973.0,1855.0,31.6,0.08844705097029514
201703,1165.0,21399,264.0,22828.0,18959.0,5039,13920,2014.0,20973.0,1855.0,31.6,0.08844705097029514
201704,1165.0,21399,264.0,22828.0,18959.0,5039,13920,2014.0,20973.0,1855.0,31.6,0.08844705097029514
2015/2016,,,,,,,,,,,,
201505,1240.0,21095,175.0,22510.0,19100.0,5000,14100,2000.0,21100.0,1410.0,29.50 - 32.50,0.06682464454976303
201506,1225.0,21155,175.0,22555.0,19200.0,5100,14100,2000.0,21200.0,1355.0,30.50 - 33.50,0.06391509433962264
201507,1395.0,21270,175.0,22840.0,19300.0,5100,14200,2000.0,21300.0,1540.0,30.50 - 33.50,0.07230046948356808
201508,1520.0,21500,200.0,23220.0,19400.0,5100,14300,2000.0,21400.0,1820.0,29.50 - 32.50,0.08504672897196262
201509,1565.0,21615,200.0,23380.0,19600.0,5200,14400,2000.0,21600.0,1780.0,27.50 - 30.50,0.0824074074074074
201510,1620.0,21735,225.0,23580.0,19550.0,5200,14350,2000.0,21550.0,2030.0,27.50 - 30.50,0.09419953596287703
201511,1820.0,21850,175.0,23845.0,19250.0,5200,14050,2300.0,21550.0,2295.0,27.50 - 30.50,0.10649651972157773
201512,1820.0,21850,225.0,23895.0,19450.0,5400,14050,2300.0,21750.0,2145.0,28.50 - 31.50,0.09862068965517241
201601,1820.0,21925,265.0,24010.0,19600.0,5500,14100,2300.0,21900.0,2110.0,28.50 - 31.50,0.09634703196347032
201602,1820.0,21845,300.0,23965.0,19600.0,5500,14100,2300.0,21900.0,2065.0,28.50 - 31.50,0.09429223744292238
201603,1855.0,21730,300.0,23885.0,19600.0,5500,14100,2100.0,21700.0,2185.0,28.50 - 31.50,0.10069124423963134
201604,1855.0,21730,300.0,23885.0,19600.0,5500,14100,2100.0,21700.0,2185.0,29.00 - 31.00,0.10069124423963134
201605,1855.0,21900,300.0,24055.0,19600.0,5500,14100,2100.0,21700.0,2355.0,30,0.10852534562211981
201606,1855.0,22020,300.0,24175.0,19600.0,5500,14100,2200.0,21800.0,2375.0,30,0.10894495412844037
201607,1855.0,22020,300.0,24175.0,19600.0,5350,14250,2300.0,21900.0,2275.0,29.5,0.10388127853881278
201608,1855.0,22095,300.0,24250.0,19900.0,5500,14400,2400.0,22300.0,1950.0,29.5,0.08744394618834081
201609,1855.0,22080,275.0,24210.0,20000.0,5500,14500,2400.0,22400.0,1810.0,29.75,0.08080357142857143
201610,1855.0,21960,285.0,24100.0,20100.0,5600,14500,2250.0,22350.0,1750.0,29.86,0.07829977628635347
201611,1855.0,21950,288.0,24093.0,20135.0,5675,14460,2240.0,22375.0,1718.0,29.86,0.07678212290502794
201612,1855.0,21950,288.0,24093.0,20166.0,5670,14496,2240.0,22406.0,1687.0,29.86,0.07529233241096135
201701,1855.0,21950,288.0,24093.0,20166.0,5670,14496,2240.0,22406.0,1687.0,29.86,0.07529233241096135
201702,1855.0,21950,288.0,24093.0,20166.0,5670,14496,2240.0,22406.0,1687.0,29.86,0.07529233241096135
201703,1855.0,21950,288.0,24093.0,20166.0,5670,14496,2240.0,22406.0,1687.0,29.86,0.07529233241096135
201704,1855.0,21950,288.0,24093.0,20166.0,5670,14496,2240.0,22406.0,1687.0,29.86,0.07529233241096135
201705,1855.0,21950,288.0,24093.0,20166.0,5670,14496,2240.0,22406.0,1687.0,29.86,0.07529233241096135
201706,1855.0,21950,288.0,24093.0,20166.0,5670,14496,2240.0,22406.0,1687.0,29.86,0.07529233241096135
201707,1855.0,21950,287.0,24092.0,20162.0,5670,14492,2243.0,22405.0,1687.0,29.86,0.07529569292568623
201708,1855.0,21950,287.0,24092.0,20162.0,5670,14492,2243.0,22405.0,1687.0,29.86,0.07529569292568623
201709,1855.0,21950,287.0,24092.0,20162.0,5670,14492,2243.0,22405.0,1687.0,29.86,0.07529569292568623
201710,1855.0,21950,287.0,24092.0,20162.0,5670,14492,2243.0,22405.0,1687.0,29.86,0.07529569292568623
201711,1855.0,21950,287.0,24092.0,20162.0,5670,14492,2243.0,22405.0,1687.0,29.86,0.07529569292568623
201712,1855.0,21950,287.0,24092.0,20162.0,5670,14492,2243.0,22405.0,1687.0,29.86,0.07529569292568623
201801,1855.0,21950,287.0,24092.0,20162.0,5670,14492,2243.0,22405.0,1687.0,29.86,0.07529569292568623
201802,1855.0,21950,287.0,24092.0,20162.0,5670,14492,2243.0,22405.0,1687.0,29.86,0.07529569292568623
201803,1855.0,21950,287.0,24092.0,20162.0,5670,14492,2243.0,22405.0,1687.0,29.86,0.07529569292568623
201804,1855.0,21950,287.0,24092.0,20162.0,5670,14492,2243.0,22405.0,1687.0,29.86,0.07529569292568623
2016/2017,,,,,,,,,,,,
201605,2355.0,22120,250.0,24725.0,20300.0,5800,14500,2400.0,22700.0,2025.0,30.50 - 33.50,0.08920704845814978
201606,2375.0,22120,250.0,24745.0,20300.0,5800,14500,2400.0,22700.0,2045.0,30.50 - 33.50,0.09008810572687224
201607,2275.0,22235,250.0,24760.0,20450.0,5950,14500,2400.0,22850.0,1910.0,29.50 - 32.50,0.08358862144420132
201608,1950.0,22405,250.0,24605.0,20450.0,5950,14500,2400.0,22850.0,1755.0,29.50 - 32.50,0.07680525164113786
201609,1810.0,22525,250.0,24585.0,20550.0,5950,14600,2300.0,22850.0,1735.0,30.50 - 33.50,0.07592997811816192
201610,1750.0,22525,250.0,24525.0,20550.0,5950,14600,2250.0,22800.0,1725.0,30.50 - 33.50,0.0756578947368421
201611,1718.0,22290,250.0,24258.0,20450.0,5950,14500,2150.0,22600.0,1658.0,32.50 - 35.50,0.07336283185840708
201612,1687.0,22290,275.0,24252.0,20550.0,6200,14350,2150.0,22700.0,1552.0,34.50 - 37.50,0.06837004405286344
201701,1687.0,22390,275.0,24352.0,20550.0,6200,14350,2150.0,22700.0,1652.0,34.00 - 37.00,0.07277533039647577
201702,1687.0,22390,300.0,24377.0,20550.0,6200,14350,2150.0,22700.0,1677.0,34.00 - 37.00,0.07387665198237886
201703,1687.0,22560,325.0,24572.0,20550.0,6200,14350,2250.0,22800.0,1772.0,32.00 - 35.00,0.07771929824561404
201704,1687.0,22560,325.0,24572.0,20200.0,6200,14000,2250.0,22450.0,2122.0,31.00 - 33.00,0.09452115812917594
201705,1687.0,22350,325.0,24362.0,20000.0,6200,13800,2300.0,22300.0,2062.0,31.75,0.09246636771300448
201706,1687.0,22175,325.0,24187.0,19900.0,6200,13700,2300.0,22200.0,1987.0,31.75,0.0895045045045045
201707,1687.0,22060,350.0,24097.0,19600.0,6000,13600,2400.0,22000.0,2097.0,32,0.09531818181818182
201708,1687.0,21945,350.0,23982.0,19600.0,6000,13600,2400.0,22000.0,1982.0,32.5,0.0900909090909091
201709,1687.0,22040,350.0,24077.0,19700.0,6050,13650,2550.0,22250.0,1827.0,32.5,0.0821123595505618
201710,1687.0,22020,325.0,24032.0,19850.0,6200,13650,2550.0,22400.0,1632.0,32.48,0.07285714285714286
201711,1687.0,22099,319.0,24104.0,19837.0,6200,13637,2556.0,22393.0,1711.0,32.48,0.07640780601080695
201712,1687.0,22099,319.0,24104.0,19837.0,6200,13637,2556.0,22393.0,1711.0,32.48,0.07640780601080695
201801,1687.0,22099,319.0,24104.0,19837.0,6200,13637,2556.0,22393.0,1711.0,32.48,0.07640780601080695
201802,1687.0,22099,319.0,24104.0,19837.0,6200,13637,2556.0,22393.0,1711.0,32.48,0.07640780601080695
201803,1687.0,22123,319.0,24129.0,19862.0,6200,13661,2556.0,22418.0,1711.0,32.48,0.07632259791239183
201804,1687.0,22123,319.0,24129.0,19862.0,6200,13661,2556.0,22418.0,1711.0,32.48,0.07632259791239183
201805,1687.0,22123,319.0,24129.0,19862.0,6200,13661,2556.0,22418.0,1711.0,32.48,0.07632259791239183
201806,1687.0,22123,319.0,24129.0,19862.0,6200,13661,2556.0,22418.0,1711.0,32.48,0.07632259791239183
201807,1687.0,22123,319.0,24129.0,19862.0,6200,13662,2556.0,22418.0,1711.0,32.48,0.07632259791239183
201808,1687.0,22123,319.0,24129.0,19862.0,6200,13662,2556.0,22418.0,1711.0,32.48,0.07632259791239183
201809,1687.0,22123,319.0,24129.0,19862.0,6200,13662,2556.0,22418.0,1711.0,32.48,0.07632259791239183
201810,1687.0,22123,319.0,24129.0,19862.0,6200,13662,2556.0,22418.0,1711.0,32.48,0.07632259791239183
201811,1687.0,22123,319.0,24129.0,19862.0,6200,13662,2556.0,22418.0,1711.0,32.48,0.07632259791239183
201812,1687.0,22123,319.0,24129.0,19862.0,6200,13662,2556.0,22418.0,1711.0,32.48,0.07632259791239183
201902,1687.0,22123,319.0,24129.0,19862.0,6200,13662,2556.0,22418.0,1711.0,32.48,0.07632259791239183
201903,1687.0,22123,319.0,24129.0,19862.0,6200,13662,2556.0,22418.0,1711.0,32.48,0.07632259791239183
201904,1687.0,22123,319.0,24129.0,19862.0,6200,13662,2556.0,22418.0,1711.0,32.48,0.07632259791239183
2017/2018,,,,,,,,,,,,
201705,2062.0,22620,300.0,24982.0,20450.0,6450,14000,2300.0,22750.0,2232.0,30.00 - 34.00,0.09810989010989012
201706,1987.0,22620,300.0,24907.0,20450.0,6450,14000,2300.0,22750.0,2157.0,30.00 - 34.00,0.09481318681318682
201707,2097.0,22620,325.0,25042.0,20450.0,6450,14000,2300.0,22750.0,2292.0,30.00 - 34.00,0.10074725274725274
201708,1982.0,22505,325.0,24812.0,20450.0,6450,14000,2300.0,22750.0,2062.0,31.00 - 35.00,0.09063736263736263
201709,1827.0,22505,325.0,24657.0,20800.0,7000,13800,2100.0,22900.0,1757.0,32.50 - 36.50,0.07672489082969432
201710,1632.0,22505,300.0,24437.0,20800.0,7000,13800,2100.0,22900.0,1537.0,32.50 - 36.50,0.067117903930131
201711,1711.0,22505,300.0,24516.0,20800.0,7000,13800,2100.0,22900.0,1616.0,32.50 - 36.50,0.07056768558951965
201712,1711.0,22505,300.0,24516.0,21000.0,7500,13500,1900.0,22900.0,1616.0,32.50 - 36.50,0.07056768558951965
201801,1711.0,22525,300.0,24536.0,21100.0,7500,13600,1900.0,23000.0,1536.0,32.00 - 35.00,0.06678260869565217
201802,1711.0,22525,300.0,24536.0,21100.0,7500,13600,1900.0,23000.0,1536.0,31.00 - 34.00,0.06678260869565217
201803,1711.0,22640,300.0,24651.0,21000.0,7200,13800,1900.0,22900.0,1751.0,30.00 - 33.00,0.07646288209606987
201804,1711.0,22755,300.0,24766.0,20800.0,7000,13800,2000.0,22800.0,1966.0,30.50 - 32.50,0.0862280701754386
201805,1711.0,22885,300.0,24896.0,20700.0,6800,13900,2300.0,23000.0,1896.0,30.5,0.08243478260869565
201806,1711.0,23150,315.0,25176.0,20600.0,6800,13800,2400.0,23000.0,2176.0,30.5,0.09460869565217392
201807,1711.0,23440,315.0,25466.0,20700.0,6900,13800,2450.0,23150.0,2316.0,30.25,0.10004319654427646
201808,1711.0,23495,315.0,25521.0,20900.0,6900,14000,2450.0,23350.0,2171.0,30,0.09297644539614561
201809,1711.0,23645,350.0,25706.0,21100.0,7000,14100,2450.0,23550.0,2156.0,30,0.09154989384288748
201810,1711.0,23795,350.0,25856.0,21200.0,7100,14100,2450.0,23650.0,2206.0,30.04,0.093276955602537
201811,1711.0,23767,335.0,25814.0,21376.0,7150,14226,2447.0,23824.0,1990.0,30.04,0.08352921423774345
201812,1711.0,23767,335.0,25814.0,21376.0,7134,14243,2447.0,23824.0,1990.0,30.04,0.08352921423774345
201902,1711.0,23767,335.0,25814.0,21376.0,7134,14243,2447.0,23824.0,1990.0,30.04,0.08352921423774345
201903,1711.0,23767,335.0,25814.0,21376.0,7134,14243,2447.0,23824.0,1990.0,30.04,0.08352921423774345
201904,1711.0,23767,335.0,25814.0,21376.0,7134,14243,2447.0,23824.0,1990.0,30.04,0.08352921423774345
201905,1711.0,23772,335.0,25819.0,21376.0,7134,14243,2447.0,23823.0,1995.0,30.04,0.0837426016874449
201906,1711.0,23772,335.0,25819.0,21376.0,7134,14243,2447.0,23823.0,1995.0,30.04,0.0837426016874449
201907,1711.0,23772,335.0,25819.0,21380.0,7134,14247,2443.0,23823.0,1995.0,30.04,0.0837426016874449
201908,1711.0,23772,335.0,25819.0,21380.0,7134,14247,2443.0,23823.0,1995.0,30.04,0.0837426016874449
201909,1711.0,23772,335.0,25819.0,21380.0,7134,14247,2443.0,23823.0,1995.0,30.04,0.0837426016874449
201910,1711.0,23772,335.0,25819.0,21380.0,7134,14247,2443.0,23823.0,1995.0,30.04,0.0837426016874449
201911,1711.0,23772,335.0,25819.0,21380.0,7134,14247,2443.0,23823.0,1995.0,30.04,0.0837426016874449
201912,1711.0,23772,335.0,25819.0,21380.0,7134,14247,2443.0,23823.0,1995.0,30.04,0.0837426016874449
202001,1711.0,23772,335.0,25819.0,21380.0,7134,14247,2443.0,23823.0,1995.0,30.04,0.0837426016874449
202002,1711.0,23772,335.0,25819.0,21380.0,7134,14247,2443.0,23823.0,1995.0,30.04,0.0837426016874449
202003,1711.0,23772,335.0,25819.0,21380.0,7134,14247,2443.0,23823.0,1995.0,30.04,0.0837426016874449
202004,1711.0,23772,335.0,25819.0,21380.0,7134,14247,2443.0,23823.0,1995.0,30.04,0.0837426016874449
2018/2019,,,,,,,,,,,,
201805,1896.0,23040,300.0,25236.0,21300.0,7300,14000,2100.0,23400.0,1836.0,29.50 - 33.50,0.07846153846153846
201806,2176.0,23100,300.0,25576.0,21300.0,7300,14000,2100.0,23400.0,2176.0,29.50 - 33.50,0.09299145299145299
201807,2316.0,23620,300.0,26236.0,21800.0,7800,14000,2200.0,24000.0,2236.0,28.00 - 32.00,0.09316666666666666
201808,2171.0,23795,300.0,26266.0,22000.0,7800,14200,2200.0,24200.0,2066.0,28.00 - 32.00,0.08537190082644629
201809,2156.0,23910,300.0,26366.0,22000.0,7800,14200,2200.0,24200.0,2166.0,28.00 - 32.00,0.08950413223140496
201810,2206.0,23910,300.0,26416.0,22100.0,7800,14300,2200.0,24300.0,2116.0,28.00 - 32.00,0.08707818930041153
201811,1990.0,24025,300.0,26315.0,22200.0,7800,14400,2200.0,24400.0,1915.0,28.00 - 32.00,0.07848360655737704
201812,1990.0,24025,300.0,26315.0,22200.0,7800,14400,2200.0,24400.0,1915.0,28.00 - 32.00,0.07848360655737704
201902,1990.0,24455,300.0,26745.0,22400.0,8000,14400,2250.0,24650.0,2095.0,28.50 - 31.50,0.08498985801217039
201903,1990.0,24570,300.0,26860.0,22600.0,8200,14400,2250.0,24850.0,2010.0,28.50 - 31.50,0.08088531187122737
201904,1990.0,24570,400.0,26960.0,22850.0,8350,14500,2250.0,25100.0,1860.0,28.00 - 30.00,0.07410358565737052
201905,1995.0,24570,400.0,26965.0,22950.0,8350,14600,2150.0,25100.0,1865.0,28,0.07430278884462152
201906,1995.0,24505,400.0,26900.0,22800.0,8200,14600,2150.0,24950.0,1950.0,28,0.0781563126252505
201907,1995.0,24330,400.0,26725.0,22800.0,8200,14600,2050.0,24850.0,1875.0,28,0.07545271629778671
201908,1995.0,23995,400.0,26390.0,22600.0,8100,14500,2050.0,24650.0,1740.0,28,0.07058823529411765
201909,1995.0,24230,400.0,26625.0,22850.0,8100,14750,2050.0,24900.0,1725.0,28,0.06927710843373494
201910,1995.0,24290,400.0,26685.0,22950.0,8000,14950,2025.0,24975.0,1710.0,28.26,0.06846846846846846
201911,1995.0,24195,398.0,26589.0,22872.0,8000,14872,1941.0,24813.0,1776.0,28.26,0.07157538387135776
201912,1995.0,24195,398.0,26589.0,22872.0,7863,15008,1941.0,24813.0,1776.0,28.26,0.07157538387135776
202001,1995.0,24195,398.0,26589.0,22872.0,7863,15008,1941.0,24813.0,1776.0,28.26,0.07157538387135776
202002,1995.0,24195,398.0,26589.0,22872.0,7863,15009,1941.0,24813.0,1775.0,28.26,0.07153508241647523
202003,1995.0,24197,398.0,26590.0,22874.0,7863,15011,1941.0,24815.0,1775.0,28.26,0.07152931694539592
202004,1995.0,24197,398.0,26590.0,22874.0,7863,15011,1941.0,24815.0,1775.0,28.26,0.07152931694539592
202005,1995.0,24197,398.0,26590.0,22874.0,7863,15011,1941.0,24815.0,1775.0,28.26,0.07152931694539592
202006,1995.0,24197,398.0,26590.0,22874.0,7863,15011,1941.0,24815.0,1775.0,28.26,0.07152931694539592
202007,1995.0,24197,397.0,26590.0,22874.0,7863,15011,1940.0,24815.0,1775.0,28.26,0.07152931694539592
202008,1995.0,24197,397.0,26590.0,22874.0,7863,15011,1940.0,24815.0,1775.0,28.26,0.07152931694539592
202009,1995.0,24197,397.0,26590.0,22874.0,7863,15011,1940.0,24815.0,1775.0,28.26,0.07152931694539592
202010,1995.0,24197,397.0,26590.0,22874.0,7863,15011,1940.0,24815.0,1775.0,28.26,0.07152931694539592
202011,1995.0,24197,397.0,26590.0,22874.0,7863,15011,1940.0,24815.0,1775.0,28.26,0.07152931694539592
202012,1995.0,24197,397.0,26590.0,22874.0,7863,15011,1940.0,24815.0,1775.0,28.26,0.07152931694539592
202101,1995.0,24197,397.0,26590.0,22874.0,7863,15011,1940.0,24815.0,1775.0,28.26,0.07152931694539592
202102,1995.0,24197,397.0,26590.0,22874.0,7863,15011,1940.0,24815.0,1775.0,28.26,0.07152931694539592
202103,1995.0,24197,397.0,26590.0,22874.0,7863,15011,1940.0,24815.0,1775.0,28.26,0.07152931694539592
202104,1995.0,24197,397.0,26590.0,22874.0,7863,15011,1940.0,24815.0,1775.0,28.26,0.07152931694539592
2019/2020,,,,,,,,,,,,
201905,1865.0,24535,450.0,26850.0,23600.0,8700,14900,1800.0,25400.0,1450.0,29.5,0.05708661417322835
201906,1950.0,24535,450.0,26935.0,23600.0,8700,14900,1800.0,25400.0,1535.0,29.5,0.06043307086614173
201907,1875.0,24535,450.0,26860.0,23600.0,8700,14900,1725.0,25325.0,1535.0,29.5,0.060612043435340573
201908,1740.0,24535,450.0,26725.0,23500.0,8600,14900,1725.0,25225.0,1500.0,29.5,0.05946481665014866
201909,1725.0,24535,450.0,26710.0,23500.0,8600,14900,1725.0,25225.0,1485.0,29.5,0.05887016848364718
201910,1710.0,24590,450.0,26750.0,23500.0,8500,15000,1725.0,25225.0,1525.0,30,0.06045589692765114
201911,1776.0,24420,450.0,26646.0,23500.0,8500,15000,1700.0,25200.0,1446.0,31,0.05738095238095238
201912,1776.0,24420,450.0,26646.0,23500.0,8500,15000,1700.0,25200.0,1446.0,31,0.05738095238095238
202001,1776.0,24420,450.0,26646.0,23500.0,8500,15000,1700.0,25200.0,1446.0,34,0.05738095238095238
202002,1775.0,24290,450.0,26515.0,23100.0,8200,14900,1900.0,25000.0,1515.0,33.5,0.0606
202003,1775.0,24290,450.0,26515.0,22900.0,8000,14900,2100.0,25000.0,1515.0,31.5,0.0606
202004,1775.0,24480,375.0,26630.0,22400.0,7700,14700,2400.0,24800.0,1830.0,30,0.07379032258064516
202005,1775.0,24480,375.0,26630.0,22200.0,7500,14700,2550.0,24750.0,1880.0,28.5,0.07595959595959596
202006,1775.0,24590,375.0,26740.0,22100.0,7400,14700,2700.0,24800.0,1940.0,28.5,0.07822580645161291
202007,1775.0,24695,350.0,26820.0,21950.0,7400,14550,2850.0,24800.0,2020.0,28.75,0.0814516129032258
202008,1775.0,24810,325.0,26910.0,22000.0,7600,14400,2850.0,24850.0,2060.0,29,0.08289738430583501
202009,1775.0,24945,325.0,27045.0,22450.0,7750,14700,2750.0,25200.0,1845.0,29.5,0.07321428571428572
202010,1775.0,24890,325.0,26990.0,22450.0,7850,14600,2800.0,25250.0,1740.0,29.67,0.06891089108910892
202011,1775.0,24912,319.0,27006.0,22319.0,7900,14419,2839.0,25158.0,1849.0,29.65,0.0734955083869942
202012,1775.0,24912,319.0,27006.0,22319.0,7858,14461,2839.0,25158.0,1849.0,29.65,0.0734955083869942
202101,1775.0,24912,319.0,27006.0,22319.0,7858,14461,2839.0,25158.0,1849.0,29.65,0.0734955083869942
202102,1775.0,24912,319.0,27006.0,22319.0,7858,14461,2839.0,25158.0,1849.0,29.65,0.0734955083869942
202103,1775.0,24911,319.0,27006.0,22314.0,7858,14456,2839.0,25153.0,1853.0,29.65,0.07366914483361825
202104,1775.0,24911,319.0,27006.0,22314.0,7858,14456,2839.0,25153.0,1853.0,29.65,0.07366914483361825
202105,1775.0,24911,319.0,27006.0,22314.0,8658,13656,2839.0,25153.0,1853.0,29.65,0.07366914483361825
202106,1775.0,24911,319.0,27006.0,22314.0,8658,13656,2839.0,25153.0,1853.0,29.65,0.07366914483361825
202107,1775.0,24911,320.0,27006.0,22317.0,8658,13659,2837.0,25154.0,1853.0,29.65,0.07366621610876997
202108,1775.0,24911,320.0,27006.0,22317.0,8658,13659,2837.0,25154.0,1853.0,29.65,0.07366621610876997
202109,1775.0,24911,320.0,27006.0,22317.0,8658,13659,2837.0,25154.0,1853.0,29.65,0.07366621610876997
202110,1775.0,24911,320.0,27006.0,22317.0,8658,13659,2837.0,25154.0,1853.0,29.65,0.07366621610876997
202111,1775.0,24911,320.0,27006.0,22317.0,8658,13659,2837.0,25154.0,1853.0,29.65,0.07366621610876997
202112,1775.0,24911,320.0,27006.0,22317.0,8658,13659,2837.0,25154.0,1853.0,29.65,0.07366621610876997
202201,1775.0,24911,320.0,27006.0,22317.0,8658,13659,2837.0,25154.0,1853.0,29.65,0.07366621610876997
202202,1775.0,24911,320.0,27006.0,22317.0,8658,13659,2837.0,25154.0,1853.0,29.65,0.07366621610876997
202203,1775.0,24911,320.0,27006.0,22317.0,8658,13659,2837.0,25154.0,1853.0,29.65,0.07366621610876997
202204,1775.0,24911,320.0,27006.0,22317.0,8658,13659,2837.0,25154.0,1853.0,29.65,0.07366621610876997
2020/2021,,,,,,,,,,,,
202005,1880.0,24685,400.0,26965.0,23000.0,8000,15000,2100.0,25100.0,1865.0,29,0.07430278884462152
202006,1940.0,24860,400.0,27200.0,23000.0,8000,15000,2200.0,25200.0,2000.0,29,0.07936507936507936
202007,2020.0,25035,400.0,27455.0,23000.0,8000,15000,2400.0,25400.0,2055.0,29,0.08090551181102362
202008,2060.0,25265,350.0,27675.0,23000.0,8000,15000,2600.0,25600.0,2075.0,30,0.0810546875
202009,1845.0,25265,350.0,27460.0,23000.0,8000,15000,2600.0,25600.0,1860.0,32,0.07265625
202010,1740.0,25265,350.0,27355.0,23000.0,8100,14900,2600.0,25600.0,1755.0,32.5,0.0685546875
202011,1849.0,25265,350.0,27464.0,23000.0,8100,14900,2600.0,25600.0,1864.0,34.5,0.0728125
202012,1849.0,25440,350.0,27639.0,23000.0,8100,14900,2750.0,25750.0,1889.0,36,0.07335922330097087
202101,1849.0,25565,350.0,27764.0,23200.0,8200,15000,2750.0,25950.0,1814.0,38.5,0.06990366088631984
202102,1849.0,25565,350.0,27764.0,23300.0,8300,15000,2750.0,26050.0,1714.0,40,0.06579654510556622
202103,1853.0,25630,350.0,27833.0,23500.0,8300,15200,2600.0,26100.0,1733.0,41,0.06639846743295019
202104,1853.0,25515,350.0,27718.0,23500.0,7900,15600,2500.0,26000.0,1718.0,45,0.06607692307692307
202105,1853.0,25515,350.0,27718.0,23600.0,9500,14100,2300.0,25900.0,1818.0,55,0.0701930501930502
202106,1853.0,25380,300.0,27533.0,23825.0,9500,14325,1900.0,25725.0,1808.0,59,0.0702818270165209
202107,1853.0,25390,250.0,27493.0,23925.0,9300,14625,1775.0,25700.0,1793.0,57.5,0.06976653696498054
202108,1853.0,25215,250.0,27318.0,23825.0,9100,14725,1700.0,25525.0,1793.0,57.5,0.07024485798237022
202109,1853.0,24980,265.0,27098.0,23525.0,8800,14725,1715.0,25240.0,1858.0,57.25,0.07361331220285261
202110,1853.0,24980,295.0,27128.0,23350.0,8800,14550,1715.0,25065.0,2063.0,56.87,0.08230600438858966
202111,1853.0,25023,302.0,27177.0,23277.0,8850,14427,1723.0,25000.0,2177.0,56.87,0.08708
202112,1853.0,25023,302.0,27177.0,23323.0,8850,14473,1723.0,25046.0,2131.0,56.87,0.08508344645851633
202201,1853.0,25023,302.0,27177.0,23323.0,8850,14473,1723.0,25046.0,2131.0,56.87,0.08508344645851633
202202,1853.0,25023,302.0,27177.0,23323.0,8850,14473,1723.0,25046.0,2131.0,56.87,0.08508344645851633
202203,1853.0,25023,302.0,27177.0,23323.0,8850,14473,1723.0,25046.0,2131.0,56.87,0.08508344645851633
202204,1853.0,25023,302.0,27177.0,23323.0,8850,14473,1723.0,25046.0,2131.0,56.87,0.08508344645851633
202205,1853.0,25023,302.0,27177.0,23323.0,8850,14473,1723.0,25046.0,2131.0,56.87,0.08508344645851633
202206,1853.0,25023,302.0,27177.0,23323.0,8850,14473,1723.0,25046.0,2131.0,56.87,0.08508344645851633
202207,1853.0,25023,302.0,27177.0,23323.0,8850,14473,1723.0,25046.0,2131.0,56.87,0.08508344645851633
202208,1853.0,25023,302.0,27177.0,23314.0,8850,14464,1731.0,25046.0,2131.0,56.87,0.08508344645851633
202209,1853.0,25023,302.0,27177.0,23314.0,8920,14394,1731.0,25046.0,2131.0,56.87,0.08508344645851633
202210,1853.0,25023,302.0,27177.0,23314.0,8920,14394,1731.0,25046.0,2131.0,56.87,0.08508344645851633
2021/2022,,,,,,,,,,,,
202105,1818.0,25945,600.0,28363.0,25400.0,12000,13400,1450.0,26850.0,1513.0,65,0.056350093109869645
202106,1808.0,25945,600.0,28353.0,25400.0,12000,13400,1450.0,26850.0,1503.0,65,0.055977653631284915
202107,1793.0,25945,600.0,28338.0,25400.0,12000,13400,1450.0,26850.0,1488.0,65,0.05541899441340782
202108,1793.0,25710,600.0,28103.0,25200.0,11500,13700,1450.0,26650.0,1453.0,65,0.05452157598499062
202109,1858.0,25420,450.0,27728.0,25000.0,11000,14000,1250.0,26250.0,1478.0,65,0.056304761904761906
202110,2063.0,25535,450.0,28048.0,25000.0,11000,14000,1250.0,26250.0,1798.0,65,0.0684952380952381
202111,2177.0,25535,450.0,28162.0,25000.0,11000,14000,1250.0,26250.0,1912.0,65,0.07283809523809524
202112,2131.0,25735,450.0,28316.0,25150.0,11000,14150,1250.0,26400.0,1916.0,65,0.07257575757575757
202201,2131.0,25910,450.0,28491.0,25150.0,11000,14150,1425.0,26575.0,1916.0,65,0.07209783631232361
202202,2131.0,26205,450.0,28786.0,25285.0,11000,14285,1425.0,26710.0,2076.0,66,0.07772369898914264
202203,2131.0,26205,450.0,28786.0,25085.0,10700,14385,1625.0,26710.0,2076.0,68,0.07772369898914264
202204,2131.0,26205,450.0,28786.0,25085.0,10700,14385,1725.0,26810.0,1976.0,70,0.07370384185005595
202205,2131.0,26205,450.0,28786.0,25085.0,10700,14385,1725.0,26810.0,1976.0,75,0.07370384185005595
202206,2131.0,26205,400.0,28736.0,24985.0,10700,14285,1800.0,26785.0,1951.0,75,0.07283927571401905
202207,2131.0,26105,375.0,28611.0,24885.0,10700,14185,1775.0,26660.0,1951.0,73,0.0731807951987997
202208,2131.0,26105,325.0,28561.0,24685.0,10500,14185,1775.0,26460.0,2101.0,72,0.07940287226001512
202209,2131.0,26105,325.0,28561.0,24635.0,10200,14435,1775.0,26410.0,2151.0,73,0.08144642180992048
202210,2131.0,26165,305.0,28601.0,24775.0,10200,14575,1775.0,26550.0,2051.0,72.98,0.07725047080979285
2022/2023,,,,,,,,,,,,
202205,1976.0,26430,500.0,28906.0,25800.0,12000,13800,1400.0,27200.0,1706.0,70,0.06272058823529411
202206,1951.0,26430,500.0,28881.0,25800.0,12000,13800,1400.0,27200.0,1681.0,70,0.06180147058823529
202207,1951.0,26310,500.0,28761.0,25700.0,12000,13700,1400.0,27100.0,1661.0,69,0.06129151291512915
202208,2101.0,26310,500.0,28911.0,25700.0,12000,13700,1400.0,27100.0,1811.0,69,0.06682656826568266
202209,2151.0,26075,500.0,28726.0,25500.0,11800,13700,1400.0,26900.0,1826.0,69,0.06788104089219331
202210,2051.0,26195,500.0,28746.0,25500.0,11800,13700,1400.0,26900.0,1846.0,69,0.06862453531598513
