DateTime,CLOSE
2010/1/4,1004.511256
2010/1/5,1015.257167
2010/1/6,1021.751589
2010/1/7,1014.420721
2010/1/8,1016.405749
2010/1/11,1028.07004
2010/1/12,1021.179769
2010/1/13,1012.094783
2010/1/14,1013.291533
2010/1/15,1010.774906
2010/1/18,1012.547852
2010/1/19,1013.412227
2010/1/20,997.492286
2010/1/21,981.165422
2010/1/22,963.851954
2010/1/25,959.05876
2010/1/26,938.062397
2010/1/27,928.705574
2010/1/28,940.074425
2010/1/29,933.589677
2010/2/1,934.222947
2010/2/2,940.431039
2010/2/3,952.256711
2010/2/4,926.413529
2010/2/5,897.699791
2010/2/8,894.071739
2010/2/9,908.66642
2010/2/10,912.492674
2010/2/11,922.908297
2010/2/12,921.748819
2010/2/22,943.298787
2010/2/23,940.209496
2010/2/24,933.226585
2010/2/25,922.927775
2010/2/26,935.92941
2010/3/1,947.895298
2010/3/2,959.661933
2010/3/3,966.434487
2010/3/4,961.340622
2010/3/5,974.922581
2010/3/8,986.079501
2010/3/9,986.152943
2010/3/10,993.442816
2010/3/11,989.831583
2010/3/12,992.680657
2010/3/15,983.036253
2010/3/16,991.483196
2010/3/17,1005.765827
2010/3/18,1001.507499
2010/3/19,997.940462
2010/3/22,989.925886
2010/3/23,994.116175
2010/3/24,992.002346
2010/3/25,989.952149
2010/3/26,993.07835
2010/3/29,1003.666032
2010/3/30,1009.330982
2010/3/31,1010.333899
2010/4/1,1027.274011
2010/4/2,1028.537529
2010/4/6,1039.265631
2010/4/7,1042.988162
2010/4/8,1036.311402
2010/4/9,1043.99727
2010/4/12,1041.376696
2010/4/13,1033.80644
2010/4/14,1046.443869
2010/4/15,1047.513338
2010/4/16,1032.083182
2010/4/19,1011.290081
2010/4/20,1022.862616
2010/4/21,1026.891193
2010/4/22,1020.67401
2010/4/23,1024.070611
2010/4/26,1035.216185
2010/4/27,1020.236199
2010/4/28,1005.270714
2010/4/29,1014.080985
2010/4/30,1020.033087
2010/5/4,990.641674
2010/5/5,970.244009
2010/5/6,948.535458
2010/5/7,927.037424
2010/5/10,967.228887
2010/5/11,958.826706
2010/5/12,968.004236
2010/5/13,975.562772
2010/5/14,959.814938
2010/5/17,939.739557
2010/5/18,939.77526
2010/5/19,910.54963
2010/5/20,882.420484
2010/5/21,886.657404
2010/5/24,891.499245
2010/5/25,855.52341
2010/5/26,883.18146
2010/5/27,904.181511
2010/5/28,917.046586
2010/5/31,926.403979
2010/6/1,907.132234
2010/6/2,908.554167
2010/6/3,924.668501
2010/6/4,913.485964
2010/6/7,889.655155
2010/6/8,891.115558
2010/6/9,895.214762
2010/6/10,906.976429
2010/6/11,917.176783
2010/6/17,947.20372
2010/6/18,953.481232
2010/6/21,978.59218
2010/6/22,967.612038
2010/6/23,960.20692
2010/6/24,952.129608
2010/6/25,947.560077
2010/6/28,951.805745
2010/6/29,924.811523
2010/6/30,917.985187
2010/7/1,909.30293
2010/7/2,913.545555
2010/7/5,913.11117
2010/7/6,930.456462
2010/7/7,930.200408
2010/7/8,940.75101
2010/7/9,951.854909
2010/7/12,952.491158
2010/7/13,957.2205
2010/7/14,961.51007
2010/7/15,957.136292
2010/7/16,948.919413
2010/7/19,945.059351
2010/7/20,953.680636
2010/7/21,964.646493
2010/7/22,973.39302
2010/7/23,981.421944
2010/7/26,985.479428
2010/7/27,991.038782
2010/7/28,991.293511
2010/7/29,993.835662
2010/7/30,991.409701
2010/8/2,1012.940772
2010/8/3,1009.666774
2010/8/4,1011.480367
2010/8/5,1011.715653
2010/8/6,1010.952883
2010/8/9,1015.990081
2010/8/10,1001.704312
2010/8/11,982.227505
2010/8/12,976.181037
2010/8/13,980.474739
2010/8/16,985.238966
2010/8/17,993.786644
2010/8/18,994.095205
2010/8/19,994.245234
2010/8/20,988.16222
2010/8/23,986.297302
2010/8/24,973.577391
2010/8/25,962.642143
2010/8/26,966.046947
2010/8/27,970.040162
2010/8/30,972.29056
2010/8/31,970.046017
2010/9/1,989.760219
2010/9/2,995.276649
2010/9/3,1003.747467
2010/9/6,1011.727534
2010/9/7,1006.139398
2010/9/8,1004.549395
2010/9/9,1009.088177
2010/9/10,1012.984264
2010/9/13,1033.637485
2010/9/14,1035.512733
2010/9/15,1038.112148
2010/9/16,1031.05853
2010/9/17,1035.937984
2010/9/20,1044.183616
2010/9/21,1043.951779
2010/9/27,1061.565505
2010/9/28,1061.322247
2010/9/29,1070.378654
2010/9/30,1075.529114
2010/10/8,1101.26725
2010/10/11,1107.665859
2010/10/12,1098.948772
2010/10/13,1117.687488
2010/10/14,1127.194724
2010/10/15,1121.433041
2010/10/18,1112.42279
2010/10/19,1097.656506
2010/10/20,1101.282002
2010/10/21,1106.226802
2010/10/22,1105.19306
2010/10/25,1115.298192
2010/10/26,1116.610291
2010/10/27,1098.928313
2010/10/28,1102.82358
2010/10/29,1105.75361
2010/11/1,1120.850758
2010/11/2,1124.187853
2010/11/3,1132.440221
2010/11/4,1151.079736
2010/11/5,1155.941689
2010/11/8,1154.181147
2010/11/9,1154.624115
2010/11/10,1147.953646
2010/11/11,1138.844174
2010/11/12,1121.166283
2010/11/15,1115.050581
2010/11/16,1100.574697
2010/11/17,1093.823648
2010/11/18,1110.979352
2010/11/19,1112.015886
2010/11/22,1113.651695
2010/11/23,1090.012334
2010/11/24,1096.722366
2010/11/25,1099.060449
2010/11/26,1081.058821
2010/11/29,1080.693656
2010/11/30,1075.853252
2010/12/1,1097.502198
2010/12/2,1114.032467
2010/12/3,1121.77583
2010/12/6,1126.431069
2010/12/7,1130.480409
2010/12/8,1115.249943
2010/12/9,1116.564835
2010/12/10,1114.793602
2010/12/13,1122.850778
2010/12/14,1128.889671
2010/12/15,1120.287738
2010/12/16,1111.847552
2010/12/17,1115.416701
2010/12/20,1111.007915
2010/12/21,1124.343951
2010/12/22,1126.491023
2010/12/23,1127.780951
2010/12/24,1126.828356
2010/12/27,1124.96008
2010/12/28,1125.898593
2010/12/29,1136.887215
2010/12/30,1145.78841
2010/12/31,1151.384661
2011/1/4,1165.045107
2011/1/5,1160.979444
2011/1/6,1154.988671
2011/1/7,1147.14069
2011/1/10,1136.203721
2011/1/11,1143.142755
2011/1/12,1163.066117
2011/1/13,1163.034179
2011/1/14,1160.034859
2011/1/17,1154.545696
2011/1/18,1159.002256
2011/1/19,1161.189186
2011/1/20,1143.15965
2011/1/21,1136.650343
2011/1/24,1136.69122
2011/1/25,1135.920477
2011/1/26,1142.493235
2011/1/27,1141.821983
2011/1/28,1126.28589
2011/1/31,1119.079273
2011/2/1,1130.738675
2011/2/9,1110.322886
2011/2/10,1089.283406
2011/2/11,1091.164772
2011/2/14,1105.577179
2011/2/15,1104.096218
2011/2/16,1108.584403
2011/2/17,1111.917848
2011/2/18,1122.008103
2011/2/21,1120.480526
2011/2/22,1101.659102
2011/2/23,1095.995653
2011/2/24,1087.104432
2011/2/25,1099.455016
2011/2/28,1107.767316
2011/3/1,1112.149617
2011/3/2,1113.305837
2011/3/3,1127.446381
2011/3/4,1138.474695
2011/3/7,1132.022269
2011/3/8,1135.772962
2011/3/9,1135.666077
2011/3/10,1115.69197
2011/3/11,1108.523905
2011/3/14,1116.912041
2011/3/15,1092.650889
2011/3/16,1096.326248
2011/3/17,1091.447209
2011/3/18,1098.595232
2011/3/21,1110.151538
2011/3/22,1120.094659
2011/3/23,1123.621875
2011/3/24,1134.707339
2011/3/25,1143.942301
2011/3/28,1138.364362
2011/3/29,1142.564126
2011/3/30,1159.521239
2011/3/31,1170.870233
2011/4/1,1185.120841
2011/4/6,1203.469176
2011/4/7,1202.237828
2011/4/8,1206.030977
2011/4/11,1200.241152
2011/4/12,1177.309826
2011/4/13,1185.323681
2011/4/14,1182.207797
2011/4/15,1181.571309
2011/4/18,1162.081239
2011/4/19,1166.411703
2011/4/20,1194.987345
2011/4/21,1205.898236
2011/4/22,1205.964211
2011/4/25,1203.747539
2011/4/26,1203.33207
2011/4/27,1202.430049
2011/4/28,1200.709985
2011/4/29,1204.027833
2011/5/3,1185.755586
2011/5/4,1170.927646
2011/5/5,1161.681237
2011/5/6,1163.33849
2011/5/9,1161.941847
2011/5/10,1166.640886
2011/5/11,1165.909632
2011/5/12,1147.584665
2011/5/13,1144.689332
2011/5/16,1136.659064
2011/5/17,1133.389945
2011/5/18,1142.465592
2011/5/19,1140.424673
2011/5/20,1140.547123
2011/5/23,1113.796452
2011/5/24,1124.61599
2011/5/25,1118.020133
2011/5/26,1133.369094
2011/5/27,1147.818934
2011/5/30,1148.148661
2011/5/31,1167.972217
2011/6/1,1166.716822
2011/6/2,1158.957738
2011/6/3,1155.505713
2011/6/7,1152.555692
2011/6/8,1145.46705
2011/6/9,1142.24467
2011/6/10,1128.850636
2011/6/13,1124.672384
2011/6/14,1134.399944
2011/6/15,1127.797688
2011/6/16,1107.429925
2011/6/17,1103.738484
2011/6/20,1098.325277
2011/6/21,1113.026049
2011/6/22,1116.250682
2011/6/23,1105.306962
2011/6/24,1115.673276
2011/6/27,1112.543208
2011/6/28,1121.138557
2011/6/29,1132.788017
2011/6/30,1146.21862
2011/7/1,1156.740151
2011/7/4,1169.494873
2011/7/5,1166.19862
2011/7/6,1161.171076
2011/7/7,1167.605726
2011/7/8,1163.925579
2011/7/11,1142.816878
2011/7/12,1121.267789
2011/7/13,1137.880459
2011/7/14,1135.424229
2011/7/15,1135.598581
2011/7/18,1122.3934
2011/7/19,1129.001465
2011/7/20,1136.793536
2011/7/21,1143.293486
2011/7/22,1153.183186
2011/7/25,1148.180146
2011/7/26,1156.561061
2011/7/27,1148.991353
2011/7/28,1145.395059
2011/7/29,1137.731265
2011/8/1,1147.595697
2011/8/2,1126.967721
2011/8/3,1102.593189
2011/8/4,1073.021497
2011/8/5,1041.068011
2011/8/8,990.184535
2011/8/9,968.509994
2011/8/10,980.744184
2011/8/11,989.947523
2011/8/12,989.736521
2011/8/15,1013.413566
2011/8/16,1018.643956
2011/8/17,1024.451292
2011/8/18,995.439355
2011/8/19,970.157386
2011/8/22,966.059657
2011/8/23,985.802805
2011/8/24,978.208836
2011/8/25,973.051241
2011/8/26,975.924065
2011/8/29,1004.570353
2011/8/30,1013.681648
2011/8/31,1033.14968
2011/9/1,1038.000672
2011/9/2,1021.883737
2011/9/5,989.594946
2011/9/6,988.05356
2011/9/7,1009.750993
2011/9/8,1013.527032
2011/9/9,992.306094
2011/9/13,964.426167
2011/9/14,952.547789
2011/9/15,963.72128
2011/9/16,976.843285
2011/9/19,949.3909
2011/9/20,951.148544
2011/9/21,940.016185
2011/9/22,880.644466
2011/9/23,861.528941
2011/9/26,851.510329
2011/9/27,893.465036
2011/9/28,891.052064
2011/9/29,894.481825
2011/9/30,880.434214
2011/10/10,898.265061
2011/10/11,909.42642
2011/10/12,923.153879
2011/10/13,930.474418
2011/10/14,935.502235
2011/10/17,941.023765
2011/10/18,925.132643
2011/10/19,932.954148
2011/10/20,907.713846
2011/10/21,920.070769
2011/10/24,949.392801
2011/10/25,955.282951
2011/10/26,960.377574
2011/10/27,993.814191
2011/10/28,1010.119413
2011/10/31,995.562451
2011/11/1,968.691402
2011/11/2,977.107534
2011/11/3,973.99267
2011/11/4,989.627936
2011/11/7,990.2884
2011/11/8,990.550452
2011/11/9,980.014757
2011/11/10,953.951416
2011/11/11,971.154696
2011/11/14,976.860801
2011/11/15,969.195724
2011/11/16,960.046337
2011/11/17,951.965582
2011/11/18,934.076126
2011/11/21,909.838133
2011/11/22,909.335835
2011/11/23,885.256228
2011/11/24,888.236199
2011/11/25,877.404843
2011/11/28,902.277764
2011/11/29,909.483216
2011/11/30,928.324818
2011/12/1,959.117929
2011/12/2,960.830523
2011/12/5,966.193354
2011/12/6,953.497734
2011/12/7,959.334995
2011/12/8,947.591743
2011/12/9,934.176312
2011/12/12,924.906007
2011/12/13,916.864894
2011/12/14,903.948754
2011/12/15,896.678738
2011/12/16,904.09245
2011/12/19,888.765503
2011/12/20,900.787159
2011/12/21,916.204553
2011/12/22,919.55295
2011/12/23,927.703665
2011/12/26,927.628939
2011/12/27,924.276899
2011/12/28,913.105168
2011/12/29,914.209319
2011/12/30,916.386821
2012/1/4,937.540112
2012/1/5,932.4426
2012/1/6,927.061491
2012/1/9,930.869589
2012/1/10,948.819251
2012/1/11,948.651957
2012/1/12,953.479921
2012/1/13,952.921655
2012/1/16,951.830827
2012/1/17,972.34672
2012/1/18,980.928963
2012/1/19,991.381782
2012/1/20,995.077582
2012/1/30,1006.166587
2012/1/31,1019.3944
2012/2/1,1029.852075
2012/2/2,1043.957065
2012/2/3,1048.356354
2012/2/6,1047.216495
2012/2/7,1048.557548
2012/2/8,1060.699883
2012/2/9,1061.684799
2012/2/10,1042.152424
2012/2/13,1052.999687
2012/2/14,1046.9582
2012/2/15,1058.472348
2012/2/16,1049.240324
2012/2/17,1062.459924
2012/2/20,1066.512222
2012/2/21,1064.414324
2012/2/22,1064.560288
2012/2/23,1059.255902
2012/2/24,1067.559731
2012/2/27,1056.513021
2012/2/28,1068.823309
2012/2/29,1079.443335
2012/3/1,1076.421341
2012/3/2,1079.935582
2012/3/5,1065.300665
2012/3/6,1041.200905
2012/3/7,1037.712836
2012/3/8,1052.690139
2012/3/9,1060.007954
2012/3/12,1050.501917
2012/3/13,1066.54266
2012/3/14,1066.829774
2012/3/15,1065.453093
2012/3/16,1063.34262
2012/3/19,1061.313973
2012/3/20,1049.787633
2012/3/21,1047.619203
2012/3/22,1040.575605
2012/3/23,1041.955537
2012/3/26,1044.312078
2012/3/27,1055.416575
2012/3/28,1043.903293
2012/3/29,1032.604124
2012/3/30,1041.447461
2012/4/5,1037.262733
2012/4/6,1036.70598
2012/4/9,1026.292264
2012/4/10,1016.168675
2012/4/11,1016.208472
2012/4/12,1024.897588
2012/4/13,1027.306232
2012/4/16,1020.004248
2012/4/17,1020.080194
2012/4/18,1023.753809
2012/4/19,1023.485833
2012/4/20,1021.507518
2012/4/23,1007.959397
2012/4/24,1011.126743
2012/4/25,1011.536907
2012/4/26,1015.944226
2012/4/27,1019.498017
2012/5/2,1029.830825
2012/5/3,1024.27342
2012/5/4,1012.957361
2012/5/7,1001.845999
2012/5/8,992.548575
2012/5/9,977.904586
2012/5/10,980.690169
2012/5/11,971.014305
2012/5/14,951.999782
2012/5/15,946.098181
2012/5/16,924.261835
2012/5/17,920.776076
2012/5/18,906.610209
2012/5/21,913.389907
2012/5/22,919.280859
2012/5/23,896.964341
2012/5/24,902.093188
2012/5/25,902.133676
2012/5/28,909.418915
2012/5/29,921.706806
2012/5/30,907.884963
2012/5/31,906.295682
2012/6/1,893.859336
2012/6/4,882.463769
2012/6/5,886.411549
2012/6/6,902.569488
2012/6/7,913.18409
2012/6/8,905.166764
2012/6/11,914.873296
2012/6/12,912.99738
2012/6/13,919.46786
2012/6/14,913.544966
2012/6/15,925.21824
2012/6/18,934.06142
2012/6/19,943.440363
2012/6/20,948.270875
2012/6/21,932.360609
2012/6/25,904.150312
2012/6/26,906.85246
2012/6/27,913.171051
2012/6/28,906.711212
2012/6/29,937.353867
2012/7/2,941.398309
2012/7/3,956.766324
2012/7/4,956.261654
2012/7/5,955.179763
2012/7/6,946.010419
2012/7/9,935.660975
2012/7/10,934.246711
2012/7/11,932.383334
2012/7/12,914.069791
2012/7/13,926.133392
2012/7/16,926.732626
2012/7/17,933.140888
2012/7/18,930.895162
2012/7/19,941.130058
2012/7/20,936.86803
2012/7/23,912.469745
2012/7/24,909.430297
2012/7/25,905.649364
2012/7/26,916.443931
2012/7/27,941.763767
2012/7/30,948.970809
2012/7/31,952.487512
2012/8/1,954.224804
2012/8/2,944.944553
2012/8/3,952.788582
2012/8/6,967.44324
2012/8/7,967.848097
2012/8/8,970.599513
2012/8/9,979.278478
2012/8/10,979.254158
2012/8/13,972.585095
2012/8/14,977.25368
2012/8/15,974.230914
2012/8/16,975.819395
2012/8/17,971.049848
2012/8/20,969.208481
2012/8/21,975.462537
2012/8/22,969.427151
2012/8/23,974.089703
2012/8/24,965.466944
2012/8/27,960.859427
2012/8/28,956.761059
2012/8/29,952.910025
2012/8/30,944.389257
2012/8/31,947.328386
2012/9/3,952.830872
2012/9/4,947.369878
2012/9/5,939.511124
2012/9/6,950.450784
2012/9/7,968.820876
2012/9/10,969.970169
2012/9/11,973.090214
2012/9/12,978.483317
2012/9/13,982.003097
2012/9/14,1014.069679
2012/9/17,1012.631312
2012/9/18,1006.840552
2012/9/19,1009.435142
2012/9/20,998.271276
2012/9/21,1006.598713
2012/9/24,1004.371598
2012/9/25,1001.854448
2012/9/26,990.372299
2012/9/27,998.36105
2012/9/28,1002.656112
2012/10/8,997.933647
2012/10/9,996.586731
2012/10/10,992.086672
2012/10/11,995.953902
2012/10/12,996.695166
2012/10/15,995.223396
2012/10/16,1003.346509
2012/10/17,1010.847184
2012/10/18,1013.361756
2012/10/19,1006.066819
2012/10/22,1007.308244
2012/10/23,996.824708
2012/10/24,994.548246
2012/10/25,999.122814
2012/10/26,990.700369
2012/10/29,990.236503
2012/10/30,993.152054
2012/10/31,995.325633
2012/11/1,999.628754
2012/11/2,1004.683216
2012/11/5,1000.797028
2012/11/6,1006.273833
2012/11/7,1007.452363
2012/11/8,995.306118
2012/11/9,990.978436
2012/11/12,989.265247
2012/11/13,982.168993
2012/11/14,980.624206
2012/11/15,974.332395
2012/11/16,969.822775
2012/11/19,977.982426
2012/11/20,979.48688
2012/11/21,980.837591
2012/11/22,985.724454
2012/11/23,995.944477
2012/11/26,995.097236
2012/11/27,996.435426
2012/11/28,991.26661
2012/11/29,1003.792615
2012/11/30,1007.022489
2012/12/3,1007.676499
2012/12/4,1007.272706
2012/12/5,1017.371139
2012/12/6,1021.261793
2012/12/7,1024.056512
2012/12/10,1029.059829
2012/12/11,1034.552024
2012/12/12,1041.373904
2012/12/13,1042.558634
2012/12/14,1042.816759
2012/12/17,1040.017034
2012/12/18,1046.241754
2012/12/19,1053.170128
2012/12/20,1052.682484
2012/12/21,1043.031491
2012/12/24,1043.725352
2012/12/25,1045.411424
2012/12/26,1046.647955
2012/12/27,1049.450108
2012/12/28,1055.17844
2012/12/31,1055.196343
2013/1/4,1077.896222
2013/1/7,1075.764496
2013/1/8,1069.859724
2013/1/9,1073.029108
2013/1/10,1076.987914
2013/1/11,1073.037562
2013/1/14,1080.714736
2013/1/15,1073.482417
2013/1/16,1071.212414
2013/1/17,1073.153696
2013/1/18,1080.741535
2013/1/21,1078.047524
2013/1/22,1079.070151
2013/1/23,1076.530908
2013/1/24,1072.260344
2013/1/25,1069.11507
2013/1/28,1062.057765
2013/1/29,1069.881068
2013/1/30,1068.197777
2013/1/31,1069.009786
2013/2/1,1072.820083
2013/2/4,1072.72758
2013/2/5,1067.610323
2013/2/6,1063.749459
2013/2/7,1059.564078
2013/2/8,1060.869348
2013/2/18,1064.336147
2013/2/19,1063.986761
2013/2/20,1068.45695
2013/2/21,1053.142879
2013/2/22,1053.390664
2013/2/25,1054.411777
2013/2/26,1042.705807
2013/2/27,1046.563351
2013/2/28,1054.615879
2013/3/1,1053.133073
2013/3/4,1041.280269
2013/3/5,1049.936739
2013/3/6,1059.841867
2013/3/7,1057.924378
2013/3/8,1065.940343
2013/3/11,1063.562853
2013/3/12,1057.652914
2013/3/13,1049.084415
2013/3/14,1047.698284
2013/3/15,1042.239904
2013/3/18,1030.110624
2013/3/19,1024.962552
2013/3/20,1026.347274
2013/3/21,1022.428067
2013/3/22,1015.465226
2013/3/25,1022.270821
2013/3/26,1028.653344
2013/3/27,1032.050288
2013/3/28,1032.615182
2013/3/29,1034.904179
2013/4/1,1031.150154
2013/4/2,1029.101176
2013/4/3,1024.992511
2013/4/8,1007.136939
2013/4/9,1015.926994
2013/4/10,1024.489738
2013/4/11,1029.221433
2013/4/12,1019.610197
2013/4/15,1003.293165
2013/4/16,1008.921769
2013/4/17,1001.104218
2013/4/18,997.331791
2013/4/19,1011.170797
2013/4/22,1011.957153
2013/4/23,1009.806109
2013/4/24,1017.712044
2013/4/25,1027.300583
2013/4/26,1022.361643
2013/5/2,1037.330644
2013/5/3,1042.260985
2013/5/6,1046.024358
2013/5/7,1052.483343
2013/5/8,1061.092517
2013/5/9,1060.578618
2013/5/10,1050.742536
2013/5/13,1041.904652
2013/5/14,1046.177486
2013/5/15,1046.096749
2013/5/16,1046.331841
2013/5/17,1045.764697
2013/5/20,1048.154572
2013/5/21,1048.125044
2013/5/22,1048.094834
2013/5/23,1025.916922
2013/5/24,1026.675459
2013/5/27,1028.531815
2013/5/28,1030.82145
2013/5/29,1020.415012
2013/5/30,1016.024492
2013/5/31,1008.878469
2013/6/3,998.54882
2013/6/4,1004.0268
2013/6/5,991.378495
2013/6/6,985.051439
2013/6/7,980.636986
2013/6/13,943.588661
2013/6/14,953.683016
2013/6/17,957.117638
2013/6/18,953.538413
2013/6/19,946.76837
2013/6/20,908.492725
2013/6/21,900.542403
2013/6/24,883.338472
2013/6/25,885.850348
2013/6/26,901.980605
2013/6/27,919.460268
2013/6/28,940.329502
2013/7/1,941.92591
2013/7/2,932.122757
2013/7/3,912.180849
2013/7/4,922.10029
2013/7/5,917.579966
2013/7/8,905.962135
2013/7/9,912.711195
2013/7/10,915.631369
2013/7/11,942.876807
2013/7/12,945.35599
2013/7/15,952.231397
2013/7/16,953.021756
2013/7/17,959.366774
2013/7/18,957.436667
2013/7/19,950.467081
2013/7/22,954.004878
2013/7/23,969.038945
2013/7/24,966.497075
2013/7/25,962.358048
2013/7/26,961.529669
2013/7/29,953.858657
2013/7/30,953.649237
2013/7/31,947.553421
2013/8/1,954.149273
2013/8/2,955.352675
2013/8/5,956.397275
2013/8/6,946.30269
2013/8/7,937.864256
2013/8/8,946.39469
2013/8/9,951.365744
2013/8/12,957.819153
2013/8/13,965.943373
2013/8/14,967.915832
2013/8/15,960.48306
2013/8/16,958.108195
2013/8/19,944.884707
2013/8/20,932.147287
2013/8/21,924.189428
2013/8/22,922.279114
2013/8/23,932.758892
2013/8/26,932.779654
2013/8/27,915.44386
2013/8/28,909.814418
2013/8/29,920.837598
2013/8/30,929.536365
2013/9/2,938.292349
2013/9/3,933.937166
2013/9/4,937.7867
2013/9/5,947.673675
2013/9/6,955.728665
2013/9/9,973.790438
2013/9/10,991.362636
2013/9/11,991.940351
2013/9/12,990.411256
2013/9/13,986.84344
2013/9/16,1001.76125
2013/9/17,1002.441922
2013/9/18,1000.98516
2013/9/23,1016.296173
2013/9/24,1010.557268
2013/9/25,1007.547553
2013/9/26,1003.003215
2013/9/27,999.880967
2013/9/30,987.458423
2013/10/8,1008.885355
2013/10/9,1005.690385
2013/10/10,1014.054014
2013/10/11,1023.209183
2013/10/14,1022.654448
2013/10/15,1029.854181
2013/10/16,1031.272291
2013/10/17,1033.970909
2013/10/18,1042.056656
2013/10/21,1042.659803
2013/10/22,1044.660156
2013/10/23,1033.472214
2013/10/24,1030.8154
2013/10/25,1027.267657
2013/10/28,1034.375797
2013/10/29,1036.763007
2013/10/30,1042.751119
2013/10/31,1034.420003
2013/11/1,1027.868969
2013/11/4,1027.062737
2013/11/5,1016.296456
2013/11/6,1016.185648
2013/11/7,1010.189427
2013/11/8,995.302529
2013/11/11,992.985577
2013/11/12,991.452125
2013/11/13,979.87921
2013/11/14,991.773412
2013/11/15,1005.172181
2013/11/18,1025.300087
2013/11/19,1024.533852
2013/11/20,1019.568319
2013/11/21,1004.241446
2013/11/22,1009.169455
2013/11/25,1010.629531
2013/11/26,1005.403675
2013/11/27,1008.806339
2013/11/28,1012.024433
2013/11/29,1018.283733
2013/12/2,1013.443106
2013/12/3,1002.714952
2013/12/4,995.746948
2013/12/5,998.453603
2013/12/6,1002.1956
2013/12/9,1012.760539
2013/12/10,1012.318296
2013/12/11,1002.54669
2013/12/12,991.523686
2013/12/13,990.483858
2013/12/16,990.404107
2013/12/17,990.49334
2013/12/18,992.70441
2013/12/19,990.646414
2013/12/20,988.2564
2013/12/23,992.685526
2013/12/24,995.352673
2013/12/25,994.874275
2013/12/26,993.18223
2013/12/27,997.562779
2013/12/30,1001.900777
2013/12/31,1002.69277
2014/1/2,990.788119
2014/1/3,979.487022
2014/1/6,972.419974
2014/1/7,971.483356
2014/1/8,973.173172
2014/1/9,963.110843
2014/1/10,970.14965
2014/1/13,977.424503
2014/1/14,975.282496
2014/1/15,977.800064
2014/1/16,974.574989
2014/1/17,972.195414
2014/1/20,970.751556
2014/1/21,970.679316
2014/1/22,976.401811
2014/1/23,963.91056
2014/1/24,949.831297
2014/1/27,931.639169
2014/1/28,934.091707
2014/1/29,936.667205
2014/1/30,936.373087
2014/2/7,937.297876
2014/2/10,935.502079
2014/2/11,944.750658
2014/2/12,953.296182
2014/2/13,945.834322
2014/2/14,957.309735
2014/2/17,964.289816
2014/2/18,958.871084
2014/2/19,959.088031
2014/2/20,950.61742
2014/2/21,959.255469
2014/2/24,958.422142
2014/2/25,955.544085
2014/2/26,956.264408
2014/2/27,963.227322
2014/2/28,966.42077
2014/3/3,950.684186
2014/3/4,956.191842
2014/3/5,959.184403
2014/3/6,970.266612
2014/3/7,966.720519
2014/3/10,955.024701
2014/3/11,955.885402
2014/3/12,944.631278
2014/3/13,943.190532
2014/3/14,937.694522
2014/3/17,943.221802
2014/3/18,952.476657
2014/3/19,950.594005
2014/3/20,940.699644
2014/3/21,944.962202
2014/3/24,953.902572
2014/3/25,958.485237
2014/3/26,968.22907
2014/3/27,975.285796
2014/3/28,984.905854
2014/3/31,994.652683
2014/4/1,1000.788438
2014/4/2,1004.968016
2014/4/3,1000.169109
2014/4/4,1002.0443
2014/4/8,1011.48616
2014/4/9,1014.831603
2014/4/10,1021.738235
2014/4/11,1015.444632
2014/4/14,1011.725725
2014/4/15,999.898189
2014/4/16,1002.495966
2014/4/17,1009.217892
2014/4/18,1011.873956
2014/4/21,1010.764702
2014/4/22,1008.716329
2014/4/23,1003.790225
2014/4/24,1004.457812
2014/4/25,993.346426
2014/4/28,993.124693
2014/4/29,999.928164
2014/4/30,995.282946
2014/5/5,1001.005656
2014/5/6,1003.933026
2014/5/7,1004.49571
2014/5/8,1008.853126
2014/5/9,1006.954818
2014/5/12,1015.805288
2014/5/13,1022.440079
2014/5/14,1032.236085
2014/5/15,1029.10496
2014/5/16,1031.954297
2014/5/19,1035.427488
2014/5/20,1029.906304
2014/5/21,1031.65903
2014/5/22,1041.193886
2014/5/23,1042.924846
2014/5/26,1041.840201
2014/5/27,1032.881746
2014/5/28,1038.233446
2014/5/29,1038.63955
2014/5/30,1027.692992
2014/6/3,1035.948951
2014/6/4,1031.18796
2014/6/5,1034.982615
2014/6/6,1044.934875
2014/6/9,1048.964142
2014/6/10,1057.593666
2014/6/11,1056.037257
2014/6/12,1054.741666
2014/6/13,1049.138832
2014/6/16,1046.279506
2014/6/17,1043.532998
2014/6/18,1044.567189
2014/6/19,1049.935545
2014/6/20,1043.864882
2014/6/23,1042.333158
2014/6/24,1048.141521
2014/6/25,1041.775528
2014/6/26,1046.813771
2014/6/27,1046.183929
2014/6/30,1050.777839
2014/7/1,1051.38632
2014/7/2,1060.574233
2014/7/3,1062.177785
2014/7/4,1062.400538
2014/7/7,1064.332235
2014/7/8,1064.726237
2014/7/9,1060.934653
2014/7/10,1062.372008
2014/7/11,1058.673362
2014/7/14,1063.659857
2014/7/15,1066.346058
2014/7/16,1066.830774
2014/7/17,1062.590896
2014/7/18,1063.262228
2014/7/21,1063.259396
2014/7/22,1074.482041
2014/7/23,1077.70077
2014/7/24,1080.849867
2014/7/25,1078.694934
2014/7/28,1079.244039
2014/7/29,1080.537321
2014/7/30,1078.75108
2014/7/31,1065.774528
2014/8/1,1060.127698
2014/8/4,1069.301703
2014/8/5,1063.11484
2014/8/6,1056.7694
2014/8/7,1051.220525
2014/8/8,1045.514085
2014/8/11,1061.41443
2014/8/12,1064.419374
2014/8/13,1070.871423
2014/8/14,1072.371723
2014/8/15,1074.514348
2014/8/18,1077.06725
2014/8/19,1084.454239
2014/8/20,1085.083971
2014/8/21,1081.92768
2014/8/22,1083.072171
2014/8/25,1085.293009
2014/8/26,1087.773828
2014/8/27,1093.744455
2014/8/28,1086.977609
2014/8/29,1087.88001
2014/9/1,1090.571326
2014/9/2,1086.731682
2014/9/3,1100.981574
2014/9/4,1100.233433
2014/9/5,1096.826171
2014/9/9,1087.536214
2014/9/10,1075.216905
2014/9/11,1069.431007
2014/9/12,1061.533579
2014/9/15,1055.780826
2014/9/16,1054.068517
2014/9/17,1062.386253
2014/9/18,1056.371825
2014/9/19,1053.920705
2014/9/22,1040.287016
2014/9/23,1032.794672
2014/9/24,1035.314817
2014/9/25,1025.632487
2014/9/26,1023.905646
2014/9/29,1009.431962
2014/9/30,1005.325643
2014/10/8,998.758838
2014/10/9,1008.332278
2014/10/10,989.869054
2014/10/13,991.491801
2014/10/14,992.076036
2014/10/15,982.596833
2014/10/16,970.645517
2014/10/17,976.759227
2014/10/20,981.496252
2014/10/21,981.783957
2014/10/22,987.091089
2014/10/23,981.7533
2014/10/24,984.378232
2014/10/27,977.795107
2014/10/28,992.53607
2014/10/29,1004.877642
2014/10/30,1007.54246
2014/10/31,1016.071532
2014/11/3,1010.365462
2014/11/4,1007.106269
2014/11/5,998.438555
2014/11/6,991.324583
2014/11/7,987.646592
2014/11/10,997.65648
2014/11/11,993.692099
2014/11/12,996.061846
2014/11/13,992.722023
2014/11/14,990.806529
2014/11/17,985.882117
2014/11/18,988.662974
2014/11/19,989.91164
2014/11/20,990.09717
2014/11/21,1004.349069
2014/11/24,1011.230589
2014/11/25,1009.095007
2014/11/26,1011.971235
2014/11/27,1012.622253
2014/11/28,1004.715233
2014/12/1,985.079368
2014/12/2,984.491494
2014/12/3,985.894804
2014/12/4,986.913618
2014/12/5,985.679432
2014/12/8,976.838024
2014/12/9,965.41326
2014/12/10,958.672218
2014/12/11,946.040469
2014/12/12,938.411922
2014/12/15,924.055343
2014/12/16,909.976621
2014/12/17,918.152659
2014/12/18,935.118647
2014/12/19,944.600183
2014/12/22,957.567575
2014/12/23,951.952188
2014/12/24,951.194225
2014/12/25,950.606955
2014/12/26,952.530534
2014/12/29,958.696258
2014/12/30,954.582449
2014/12/31,956.307803
2015/1/5,940.692325
2015/1/6,934.734832
2015/1/7,941.178828
2015/1/8,958.834769
2015/1/9,961.371988
2015/1/12,955.526996
2015/1/13,959.892467
2015/1/14,955.727553
2015/1/15,959.973319
2015/1/16,957.456722
2015/1/19,952.5137
2015/1/20,957.276786
2015/1/21,976.065156
2015/1/22,983.531237
2015/1/23,990.894925
2015/1/26,988.714744
2015/1/27,989.833335
2015/1/28,984.650258
2015/1/29,973.189691
2015/1/30,961.605254
2015/2/2,963.801687
2015/2/3,976.495226
2015/2/4,980.815656
2015/2/5,982.209785
2015/2/6,978.573443
2015/2/9,972.832269
2015/2/10,966.828267
2015/2/11,961.210039
2015/2/12,971.188074
2015/2/13,986.64563
2015/2/16,984.086254
2015/2/17,983.118086
2015/2/25,992.804955
2015/2/26,993.815553
2015/2/27,990.275259
2015/3/2,988.259297
2015/3/3,986.201799
2015/3/4,976.268257
2015/3/5,974.574769
2015/3/6,971.233127
2015/3/9,959.223325
2015/3/10,943.732494
2015/3/11,943.033982
2015/3/12,948.516001
2015/3/13,939.55799
2015/3/16,940.570412
2015/3/17,949.055701
2015/3/18,956.733715
2015/3/19,964.970692
2015/3/20,969.530128
2015/3/23,975.377652
2015/3/24,978.249723
2015/3/25,976.153142
2015/3/26,962.459797
2015/3/27,958.114403
2015/3/30,968.914727
2015/3/31,974.571623
2015/4/1,982.93244
2015/4/2,992.85687
2015/4/3,994.315172
2015/4/7,1006.255589
2015/4/8,1021.048597
2015/4/9,1028.630823
2015/4/10,1034.592449
2015/4/13,1041.46152
2015/4/14,1036.771929
2015/4/15,1036.872258
2015/4/16,1052.247569
2015/4/17,1042.675181
2015/4/20,1033.766986
2015/4/21,1042.210174
2015/4/22,1047.612283
2015/4/23,1053.911227
2015/4/24,1060.500748
2015/4/27,1065.616263
2015/4/28,1067.012641
2015/4/29,1059.513619
2015/4/30,1047.780817
2015/5/4,1048.203966
2015/5/5,1047.927187
2015/5/6,1040.444084
2015/5/7,1024.909364
2015/5/8,1034.935963
2015/5/11,1036.023571
2015/5/12,1029.026703
2015/5/13,1033.881967
2015/5/14,1035.804164
2015/5/15,1043.404916
2015/5/18,1040.945373
2015/5/19,1040.886118
2015/5/20,1036.095059
2015/5/21,1032.695113
2015/5/22,1037.623799
2015/5/25,1035.333124
2015/5/26,1026.453364
2015/5/27,1019.090445
2015/5/28,1009.522681
2015/5/29,1004.217517
2015/6/1,1002.925044
2015/6/2,999.868042
2015/6/3,995.834735
2015/6/4,988.054115
2015/6/5,982.140384
2015/6/8,977.085669
2015/6/9,971.090125
2015/6/10,977.852844
2015/6/11,976.779962
2015/6/12,979.455677
2015/6/15,970.508717
2015/6/16,965.339591
2015/6/17,969.402205
2015/6/18,977.612196
2015/6/19,974.564759
2015/6/23,990.665327
2015/6/24,993.310097
2015/6/25,988.184809
2015/6/26,980.626916
2015/6/29,959.415775
2015/6/30,972.254488
2015/7/1,971.909301
2015/7/2,971.474571
2015/7/3,964.31211
2015/7/6,943.439464
2015/7/7,930.251678
2015/7/8,904.569689
2015/7/9,919.784676
2015/7/10,932.854419
2015/7/13,943.013103
2015/7/14,940.82862
2015/7/15,937.975904
2015/7/16,941.686575
2015/7/17,941.683039
2015/7/20,935.446337
2015/7/21,939.813806
2015/7/22,931.138206
2015/7/23,923.560592
2015/7/24,910.399246
2015/7/27,892.597567
2015/7/28,891.235753
2015/7/29,900.118839
2015/7/30,894.068841
2015/7/31,901.676361
2015/8/3,890.854886
2015/8/4,893.106325
2015/8/5,891.952596
2015/8/6,884.934401
2015/8/7,885.070375
2015/8/10,887.697427
2015/8/11,878.272587
2015/8/12,861.710067
2015/8/13,864.801009
2015/8/14,863.825701
2015/8/17,854.712286
2015/8/18,848.120003
2015/8/19,840.513693
2015/8/20,830.277741
2015/8/21,812.384494
2015/8/24,771.769462
2015/8/25,788.536774
2015/8/26,787.299089
2015/8/27,813.084056
2015/8/28,820.252757
2015/8/31,818.730345
2015/9/1,801.114129
2015/9/2,796.678484
2015/9/7,778.175948
2015/9/8,790.56931
2015/9/9,809.514438
2015/9/10,804.157181
2015/9/11,802.49284
2015/9/14,807.660095
2015/9/15,806.784255
2015/9/16,822.709691
2015/9/17,827.500758
2015/9/18,829.862881
2015/9/21,815.630292
2015/9/22,808.231459
2015/9/23,791.789652
2015/9/24,785.675633
2015/9/25,789.146332
2015/9/28,781.570768
2015/9/29,776.35277
2015/9/30,792.049119
2015/10/8,848.367775
2015/10/9,859.323798
2015/10/12,865.225223
2015/10/13,854.287321
2015/10/14,849.39715
2015/10/15,864.733461
2015/10/16,865.277591
2015/10/19,867.245056
2015/10/20,864.474652
2015/10/21,859.102621
2015/10/22,858.169918
2015/10/23,868.555872
2015/10/26,867.654386
2015/10/27,862.70653
2015/10/28,860.295891
2015/10/29,846.135183
2015/10/30,847.839247
2015/11/2,850.228662
2015/11/3,860.769228
2015/11/4,868.158239
2015/11/5,864.137649
2015/11/6,852.470442
2015/11/9,843.570507
2015/11/10,833.390017
2015/11/11,833.383352
2015/11/12,833.736475
2015/11/13,821.118769
2015/11/16,813.377338
2015/11/17,824.087726
2015/11/18,822.837445
2015/11/19,837.135387
2015/11/20,843.478297
2015/11/23,841.111994
2015/11/24,839.303701
2015/11/25,836.14983
2015/11/26,838.089574
2015/11/27,826.361054
2015/11/30,814.296969
2015/12/1,825.478413
2015/12/2,821.782544
2015/12/3,819.247263
2015/12/4,812.266712
2015/12/7,807.791008
2015/12/8,795.458281
2015/12/9,795.225397
2015/12/10,789.022978
2015/12/11,773.562262
2015/12/14,771.22316
2015/12/15,779.413556
2015/12/16,790.343011
2015/12/17,798.586113
2015/12/18,789.710423
2015/12/21,791.429358
2015/12/22,794.614055
2015/12/23,803.13288
2015/12/24,804.061964
2015/12/25,804.289166
2015/12/28,800.323623
2015/12/29,799.694145
2015/12/30,791.470863
2015/12/31,794.139377
2016/1/4,767.773666
2016/1/5,768.464021
2016/1/6,759.81357
2016/1/7,738.860904
2016/1/8,740.071955
2016/1/11,723.360543
2016/1/12,723.212811
2016/1/13,729.556749
2016/1/14,723.14579
2016/1/15,709.187654
2016/1/18,703.409741
2016/1/19,714.374237
2016/1/20,692.758791
2016/1/21,688.518555
2016/1/22,710.66067
2016/1/25,716.084385
2016/1/26,708.326311
2016/1/27,715.977496
2016/1/28,722.234134
2016/1/29,742.370947
2016/2/1,742.735839
2016/2/2,728.706926
2016/2/3,721.647436
2016/2/4,739.554546
2016/2/5,739.612118
2016/2/15,726.86084
2016/2/16,731.40113
2016/2/17,735.784083
2016/2/18,746.236681
2016/2/19,740.984133
2016/2/22,749.422904
2016/2/23,744.764798
2016/2/24,736.534856
2016/2/25,735.351431
2016/2/26,740.017653
2016/2/29,740.326851
2016/3/1,752.922662
2016/3/2,769.097618
2016/3/3,780.185054
2016/3/4,790.967733
2016/3/7,795.179239
2016/3/8,788.09231
2016/3/9,787.690267
2016/3/10,790.744834
2016/3/11,800.907919
2016/3/14,803.44652
2016/3/15,790.684288
2016/3/16,791.175114
2016/3/17,816.896928
2016/3/18,826.754945
2016/3/21,829.055832
2016/3/22,830.512871
2016/3/23,821.70863
2016/3/24,813.610085
2016/3/25,812.316216
2016/3/28,813.042553
2016/3/29,814.829113
2016/3/30,833.982743
2016/3/31,836.803096
2016/4/1,826.193492
2016/4/5,812.966312
2016/4/6,809.033999
2016/4/7,809.291391
2016/4/8,816.819314
2016/4/11,824.013694
2016/4/12,830.883343
2016/4/13,844.15264
2016/4/14,845.450628
2016/4/15,846.69756
2016/4/18,843.680743
2016/4/19,852.729579
2016/4/20,849.44685
2016/4/21,853.685027
2016/4/22,845.206659
2016/4/25,839.197851
2016/4/26,842.625876
2016/4/27,843.167832
2016/4/28,844.059151
2016/4/29,840.189967
2016/5/3,821.091835
2016/5/4,813.518277
2016/5/5,809.45879
2016/5/6,805.336385
2016/5/9,800.913307
2016/5/10,806.91438
2016/5/11,807.965213
2016/5/12,806.68121
2016/5/13,796.071529
2016/5/16,797.427019
2016/5/17,801.642817
2016/5/18,794.216183
2016/5/19,781.838168
2016/5/20,785.264197
2016/5/23,788.895007
2016/5/24,787.994048
2016/5/25,799.681306
2016/5/26,802.92843
2016/5/27,808.288748
2016/5/30,807.658656
2016/5/31,807.454029
2016/6/1,807.224079
2016/6/2,809.344731
2016/6/3,816.179343
2016/6/6,823.258274
2016/6/7,835.897418
2016/6/8,842.380968
2016/6/13,809.462728
2016/6/14,803.057233
2016/6/15,808.189555
2016/6/16,799.781206
2016/6/17,806.223539
2016/6/20,821.167394
2016/6/21,825.350599
2016/6/22,829.326304
2016/6/23,835.431707
2016/6/24,805.866469
2016/6/27,794.561685
2016/6/28,805.243725
2016/6/29,821.817139
2016/6/30,834.102962
2016/7/1,839.254352
2016/7/4,843.418997
2016/7/5,831.68415
2016/7/6,819.188905
2016/7/7,826.986328
2016/7/8,828.837767
2016/7/11,846.72947
2016/7/12,854.082446
2016/7/13,856.35994
2016/7/14,865.925242
2016/7/15,867.840902
2016/7/18,870.126761
2016/7/19,868.117111
2016/7/20,870.764796
2016/7/21,871.1686
2016/7/22,869.301829
2016/7/25,869.103812
2016/7/26,870.722767
2016/7/27,874.049327
2016/7/28,875.523558
2016/7/29,873.470986
2016/8/1,882.545493
2016/8/2,876.766082
2016/8/3,868.177372
2016/8/4,876.040397
2016/8/5,885.51698
2016/8/8,895.530524
2016/8/9,899.792368
2016/8/10,902.994308
2016/8/11,907.604562
2016/8/12,910.084728
2016/8/15,915.863647
2016/8/16,915.598428
2016/8/17,909.665139
2016/8/18,916.397658
2016/8/19,910.336817
2016/8/22,904.219662
2016/8/23,906.496924
2016/8/24,896.754061
2016/8/25,898.098676
2016/8/26,901.392639
2016/8/29,895.967717
2016/8/30,898.916303
2016/8/31,893.67757
2016/9/1,891.075628
2016/9/2,899.611225
2016/9/5,909.598816
2016/9/6,923.445972
2016/9/7,926.042492
2016/9/8,927.286581
2016/9/9,909.323843
2016/9/12,889.414743
2016/9/13,886.007562
2016/9/14,885.138784
2016/9/19,897.679695
2016/9/20,898.816497
2016/9/21,905.653993
2016/9/22,920.915337
2016/9/23,917.502974
2016/9/26,905.486164
2016/9/27,911.126869
2016/9/28,912.186969
2016/9/29,913.387903
2016/9/30,903.459731
2016/10/10,918.680391
2016/10/11,905.571598
2016/10/12,902.741562
2016/10/13,890.648005
2016/10/14,897.03155
2016/10/17,894.709235
2016/10/18,908.545209
2016/10/19,913.349006
2016/10/20,913.378467
2016/10/21,911.236305
2016/10/24,918.398904
2016/10/25,918.248503
2016/10/26,910.576041
2016/10/27,905.307694
2016/10/28,903.500113
2016/10/31,905.089445
2016/11/1,902.580937
2016/11/2,890.209014
2016/11/3,884.928513
2016/11/4,880.12465
2016/11/7,894.770079
2016/11/8,902.44933
2016/11/9,880.14899
2016/11/10,875.630662
2016/11/11,849.097424
2016/11/14,838.960111
2016/11/15,841.49376
2016/11/16,847.149624
2016/11/17,847.189111
2016/11/18,844.534168
2016/11/21,847.395808
2016/11/22,857.446566
2016/11/23,855.919949
2016/11/24,852.019232
2016/11/25,855.783499
2016/11/28,863.169403
2016/11/29,858.469131
2016/11/30,862.831824
2016/12/1,858.411499
2016/12/2,853.06794
2016/12/5,853.974038
2016/12/6,861.493941
2016/12/7,867.605021
2016/12/8,879.318733
2016/12/9,877.845153
2016/12/12,872.239963
2016/12/13,877.199578
2016/12/14,872.764208
2016/12/15,858.645995
2016/12/16,856.403316
2016/12/19,851.127039
2016/12/20,851.309091
2016/12/21,851.169178
2016/12/22,842.511977
2016/12/23,841.595653
2016/12/26,842.451493
2016/12/27,844.657102
2016/12/28,851.17922
2016/12/29,858.442436
2016/12/30,862.274838
2017/1/3,868.440518
2017/1/4,871.45382
2017/1/5,881.717379
2017/1/6,881.112128
2017/1/9,878.440096
2017/1/10,885.70134
2017/1/11,886.732375
2017/1/12,896.63776
2017/1/13,895.975744
2017/1/16,889.105485
2017/1/17,894.87136
2017/1/18,897.885349
2017/1/19,894.51808
2017/1/20,893.28433
2017/1/23,902.139049
2017/1/24,908.631032
2017/1/25,912.159401
2017/1/26,916.728309
2017/2/3,918.872547
2017/2/6,922.985496
2017/2/7,919.804862
2017/2/8,921.676537
2017/2/9,925.573907
2017/2/10,930.158728
2017/2/13,935.448022
2017/2/14,934.078407
2017/2/15,941.779104
2017/2/16,945.618054
2017/2/17,939.032562
2017/2/20,943.582007
2017/2/21,945.640403
2017/2/22,950.953356
2017/2/23,952.117149
2017/2/24,943.515432
2017/2/27,940.317107
2017/2/28,936.371428
2017/3/1,938.468395
2017/3/2,936.37326
2017/3/3,931.06793
2017/3/6,934.423292
2017/3/7,936.501256
2017/3/8,934.901683
2017/3/9,922.937934
2017/3/10,926.143466
2017/3/13,938.502659
2017/3/14,939.966525
2017/3/15,943.515467
2017/3/16,963.201607
2017/3/17,965.567193
2017/3/20,972.352311
2017/3/21,973.082862
2017/3/22,966.97014
2017/3/23,967.923056
2017/3/24,969.125981
2017/3/27,965.708117
2017/3/28,970.320968
2017/3/29,971.864088
2017/3/30,969.467381
2017/3/31,958.368557
2017/4/5,969.22202
2017/4/6,963.291367
2017/4/7,961.612751
2017/4/10,958.001448
2017/4/11,954.439479
2017/4/12,958.203812
2017/4/13,962.853226
2017/4/14,960.427275
2017/4/17,962.708545
2017/4/18,957.69726
2017/4/19,952.923456
2017/4/20,958.448571
2017/4/21,961.779891
2017/4/24,971.358769
2017/4/25,982.650453
2017/4/26,982.53231
2017/4/27,979.662875
2017/4/28,977.958508
2017/5/2,988.190239
2017/5/3,985.737076
2017/5/4,980.065262
2017/5/5,978.27278
2017/5/8,985.105376
2017/5/9,990.603236
2017/5/10,995.093392
2017/5/11,1000.347169
2017/5/12,1002.37435
2017/5/15,1010.232584
2017/5/16,1015.048845
2017/5/17,1008.628502
2017/5/18,988.37579
2017/5/19,995.670927
2017/5/22,1003.655617
2017/5/23,1004.469174
2017/5/24,1005.026096
2017/5/25,1014.548457
2017/5/26,1017.001528
2017/5/31,1005.325509
2017/6/1,1008.469952
2017/6/2,1015.081121
2017/6/5,1017.594769
2017/6/6,1015.885634
2017/6/7,1015.746811
2017/6/8,1019.064668
2017/6/9,1018.185927
2017/6/12,1008.923036
2017/6/13,1009.782209
2017/6/14,1013.691116
2017/6/15,1003.643081
2017/6/16,1003.120986
2017/6/19,1012.947032
2017/6/20,1008.671336
2017/6/21,1006.467554
2017/6/22,1008.806786
2017/6/23,1011.666098
2017/6/26,1019.108498
2017/6/27,1016.675536
2017/6/28,1012.103021
2017/6/29,1014.021171
2017/6/30,1010.800247
2017/7/3,1014.241114
2017/7/4,1006.724809
2017/7/5,1009.849178
2017/7/6,1006.160166
2017/7/7,1002.481076
2017/7/10,1009.292929
2017/7/11,1018.199385
2017/7/12,1029.901372
2017/7/13,1040.723968
2017/7/14,1047.05073
2017/7/17,1051.546606
2017/7/18,1053.225683
2017/7/19,1060.118355
2017/7/20,1059.400297
2017/7/21,1060.178212
2017/7/24,1064.268288
2017/7/25,1061.686675
2017/7/26,1062.294072
2017/7/27,1068.949977
2017/7/28,1062.974381
2017/7/31,1066.233316
2017/8/1,1069.003254
2017/8/2,1069.97214
2017/8/3,1064.072507
2017/8/4,1067.255774
2017/8/7,1075.363548
2017/8/8,1078.526923
2017/8/9,1068.919915
2017/8/10,1056.213334
2017/8/11,1042.797972
2017/8/14,1053.652969
2017/8/15,1052.50852
2017/8/16,1060.272431
2017/8/17,1063.325167
2017/8/18,1059.539846
2017/8/21,1063.663103
2017/8/22,1072.522757
2017/8/23,1075.598639
2017/8/24,1082.450788
2017/8/25,1085.374311
2017/8/28,1085.079065
2017/8/29,1081.230464
2017/8/30,1088.004549
2017/8/31,1087.697609
2017/9/1,1091.360181
2017/9/4,1083.337741
2017/9/5,1084.929154
2017/9/6,1083.179568
2017/9/7,1090.097614
2017/9/8,1091.170343
2017/9/11,1099.176562
2017/9/12,1102.261328
2017/9/13,1099.459956
2017/9/14,1099.889704
2017/9/15,1102.164266
2017/9/18,1112.919964
2017/9/19,1109.630389
2017/9/20,1112.067473
2017/9/21,1108.185162
2017/9/22,1102.253524
2017/9/25,1088.264003
2017/9/26,1080.112243
2017/9/27,1078.57205
2017/9/28,1072.381138
2017/9/29,1081.721778
2017/10/9,1100.414647
2017/10/10,1112.524696
2017/10/11,1117.333057
2017/10/12,1121.615846
2017/10/13,1125.9142
2017/10/16,1131.824177
2017/10/17,1125.664722
2017/10/18,1126.897987
2017/10/19,1116.913362
2017/10/20,1119.687841
2017/10/23,1115.895186
2017/10/24,1113.317901
2017/10/25,1114.094379
2017/10/26,1108.16499
2017/10/27,1110.220087
2017/10/30,1115.532556
2017/10/31,1119.078809
2017/11/1,1128.939459
2017/11/2,1127.309682
2017/11/3,1126.17575
2017/11/6,1131.026447
2017/11/7,1134.546901
2017/11/8,1134.67636
2017/11/9,1133.782776
2017/11/10,1128.491631
2017/11/13,1123.262889
2017/11/14,1118.320899
2017/11/15,1111.11992
2017/11/16,1125.355467
2017/11/17,1136.452144
2017/11/20,1136.102474
2017/11/21,1150.983825
2017/11/22,1156.674417
2017/11/23,1152.401382
2017/11/24,1154.255675
2017/11/27,1144.326817
2017/11/28,1146.497521
2017/11/29,1141.379601
2017/11/30,1120.793023
2017/12/1,1115.937119
2017/12/4,1121.947042
2017/12/5,1117.686594
2017/12/6,1101.194537
2017/12/7,1100.541339
2017/12/8,1110.778058
2017/12/11,1119.971274
2017/12/12,1112.367191
2017/12/13,1118.805343
2017/12/14,1121.222338
2017/12/15,1118.50338
2017/12/18,1130.39027
2017/12/19,1132.19866
2017/12/20,1132.848682
2017/12/21,1134.381644
2017/12/22,1141.090942
2017/12/25,1141.10835
2017/12/26,1138.632255
2017/12/27,1144.389551
2017/12/28,1153.580735
2017/12/29,1158.454167
2018/1/2,1177.97786
2018/1/3,1184.214754
2018/1/4,1192.555658
2018/1/5,1201.006091
2018/1/8,1206.863479
2018/1/9,1205.136654
2018/1/10,1197.526513
2018/1/11,1197.004782
2018/1/12,1208.168678
2018/1/15,1210.639871
2018/1/16,1217.866516
2018/1/17,1222.621244
2018/1/18,1227.516011
2018/1/19,1232.596997
2018/1/22,1238.503967
2018/1/23,1252.385021
2018/1/24,1258.746699
2018/1/25,1263.454231
2018/1/26,1273.071471
2018/1/29,1267.98407
2018/1/30,1247.628031
2018/1/31,1254.587321
2018/2/1,1248.647252
2018/2/2,1230.834571
2018/2/5,1209.336348
2018/2/6,1176.175644
2018/2/7,1173.379494
2018/2/8,1163.087032
2018/2/9,1142.85266
2018/2/12,1153.372561
2018/2/13,1164.491921
2018/2/14,1185.334123
2018/2/22,1200.90264
2018/2/23,1216.425841
2018/2/26,1221.07628
2018/2/27,1212.329368
2018/2/28,1195.192883
2018/3/1,1192.254105
2018/3/2,1182.056822
2018/3/5,1176.115782
2018/3/6,1193.934199
2018/3/7,1189.197832
2018/3/8,1195.235867
2018/3/9,1207.225874
2018/3/12,1222.200359
2018/3/13,1223.832244
2018/3/14,1218.696674
2018/3/15,1216.238494
2018/3/16,1213.137667
2018/3/19,1203.590384
2018/3/20,1209.886604
2018/3/21,1209.615668
2018/3/22,1196.72528
2018/3/23,1172.097021
2018/3/26,1182.283281
2018/3/27,1185.17542
2018/3/28,1162.670611
2018/3/29,1169.265645
2018/3/30,1170.874598
2018/4/2,1169.434456
2018/4/3,1170.14693
2018/4/4,1155.644442
2018/4/9,1163.06892
2018/4/10,1175.324351
2018/4/11,1175.526573
2018/4/12,1176.88211
2018/4/13,1170.087802
2018/4/16,1163.250646
2018/4/17,1164.359962
2018/4/18,1176.143699
2018/4/19,1184.125409
2018/4/20,1168.243763
2018/4/23,1158.260565
2018/4/24,1154.20551
2018/4/25,1140.274097
2018/4/26,1144.34489
2018/4/27,1156.297655
2018/5/2,1151.435952
2018/5/3,1137.847811
2018/5/4,1136.17155
2018/5/7,1139.552474
2018/5/8,1142.664451
2018/5/9,1143.758641
2018/5/10,1156.545841
2018/5/11,1164.485086
2018/5/14,1168.896091
2018/5/15,1150.267968
2018/5/16,1155.094997
2018/5/17,1144.069369
2018/5/18,1137.745135
2018/5/21,1136.49225
2018/5/22,1142.051964
2018/5/23,1133.096414
2018/5/24,1135.063198
2018/5/25,1136.619715
2018/5/28,1137.00262
2018/5/29,1126.249698
2018/5/30,1112.74856
2018/5/31,1120.710137
2018/6/1,1130.216176
2018/6/4,1146.743462
2018/6/5,1144.437431
2018/6/6,1150.166451
2018/6/7,1149.682564
2018/6/8,1135.388321
2018/6/11,1139.456484
2018/6/12,1140.643692
2018/6/13,1135.681348
2018/6/14,1125.705352
2018/6/15,1113.75826
2018/6/19,1085.02998
2018/6/20,1093.259386
2018/6/21,1080.189914
2018/6/22,1087.998775
2018/6/25,1071.060047
2018/6/26,1067.753342
2018/6/27,1052.117779
2018/6/28,1046.707997
2018/6/29,1069.517238
2018/7/2,1059.319517
2018/7/3,1057.700384
2018/7/4,1056.066463
2018/7/5,1054.349154
2018/7/6,1059.967754
2018/7/9,1075.738412
2018/7/10,1076.187978
2018/7/11,1064.715285
2018/7/12,1070.241072
2018/7/13,1075.641909
2018/7/16,1070.242012
2018/7/17,1070.907355
2018/7/18,1068.751145
2018/7/19,1060.648108
2018/7/20,1070.066196
2018/7/23,1069.51816
2018/7/24,1080.378592
2018/7/25,1088.821829
2018/7/26,1089.173957
2018/7/27,1092.36189
2018/7/30,1090.143893
2018/7/31,1087.455898
2018/8/1,1086.874877
2018/8/2,1067.424347
2018/8/3,1073.330847
2018/8/6,1070.998937
2018/8/7,1079.786368
2018/8/8,1079.728477
2018/8/9,1078.669288
2018/8/10,1062.369065
2018/8/13,1043.300004
2018/8/14,1042.555011
2018/8/15,1023.427104
2018/8/16,1021.57088
2018/8/17,1022.936701
2018/8/20,1033.653334
2018/8/21,1044.31155
2018/8/22,1050.609224
2018/8/23,1048.199272
2018/8/24,1050.186849
2018/8/27,1069.136186
2018/8/28,1070.616886
2018/8/29,1070.527311
2018/8/30,1057.844457
2018/8/31,1055.959837
2018/9/3,1047.126403
2018/9/4,1040.16582
2018/9/5,1021.719279
2018/9/6,1018.293576
2018/9/7,1022.983015
2018/9/10,1011.254374
2018/9/11,1003.329834
2018/9/12,1004.559527
2018/9/13,1017.643342
2018/9/14,1028.527488
2018/9/17,1016.430089
2018/9/18,1019.741234
2018/9/19,1031.073407
2018/9/20,1036.927123
2018/9/21,1051.434981
2018/9/25,1041.780837
2018/9/26,1046.024192
2018/9/27,1051.302525
2018/9/28,1047.908071
2018/10/8,995.501313
2018/10/9,993.985429
2018/10/10,985.672918
2018/10/11,954.655931
2018/10/12,980.094198
2018/10/15,971.673715
2018/10/16,984.655553
2018/10/17,983.71207
2018/10/18,970.902938
2018/10/19,971.468629
2018/10/22,982.863568
2018/10/23,960.536605
2018/10/24,953.050434
2018/10/25,948.959127
2018/10/26,939.553951
2018/10/29,934.795987
2018/10/30,936.303406
2018/10/31,955.92361
2018/11/1,971.440139
2018/11/2,996.715739
2018/11/5,992.376191
2018/11/6,992.265969
2018/11/7,997.924239
2018/11/8,993.528271
2018/11/9,976.174391
2018/11/12,966.412219
2018/11/13,966.020952
2018/11/14,968.140774
2018/11/15,980.854294
2018/11/16,986.304687
2018/11/19,988.308532
2018/11/20,972.582908
2018/11/21,975.039963
2018/11/22,975.991607
2018/11/23,969.1698
2018/11/26,976.573374
2018/11/27,980.163134
2018/11/28,991.671353
2018/11/29,998.052034
2018/11/30,994.717429
2018/12/3,1016.869927
2018/12/4,1014.250796
2018/12/5,1001.907338
2018/12/6,978.927584
2018/12/7,981.367069
2018/12/10,962.789242
2018/12/11,964.804334
2018/12/12,978.896206
2018/12/13,985.516951
2018/12/14,971.897493
2018/12/17,967.821637
2018/12/18,962.984681
2018/12/19,967.653731
2018/12/20,959.78538
2018/12/21,957.33491
2018/12/24,952.844551
2018/12/25,950.265062
2018/12/26,950.151666
2018/12/27,952.333152
2018/12/28,962.632788
2019/1/2,955.664775
2019/1/3,949.572889
2019/1/4,964.966235
2019/1/7,977.964702
2019/1/8,975.508228
2019/1/9,994.408416
2019/1/10,998.673571
2019/1/11,1001.109874
2019/1/14,992.705277
2019/1/15,1005.11154
2019/1/16,1009.391216
2019/1/17,1008.986901
2019/1/18,1017.99472
2019/1/21,1018.44931
2019/1/22,1010.633315
2019/1/23,1011.561181
2019/1/24,1019.437933
2019/1/25,1032.344188
2019/1/28,1028.062269
2019/1/29,1029.75147
2019/1/30,1036.63441
2019/1/31,1049.926638
2019/2/1,1050.200182
2019/2/11,1035.40612
2019/2/12,1042.134071
2019/2/13,1041.844595
2019/2/14,1039.194586
2019/2/15,1030.636652
2019/2/18,1036.73132
2019/2/19,1036.972486
2019/2/20,1049.318976
2019/2/21,1050.993221
2019/2/22,1058.653869
2019/2/25,1067.636523
2019/2/26,1064.93937
2019/2/27,1061.262665
2019/2/28,1050.950782
2019/3/1,1051.541309
2019/3/4,1053.615911
2019/3/5,1055.117186
2019/3/6,1055.679759
2019/3/7,1043.56191
2019/3/8,1030.127177
2019/3/11,1041.149144
2019/3/12,1051.520292
2019/3/13,1050.461378
2019/3/14,1048.198081
2019/3/15,1057.295254
2019/3/18,1069.261392
2019/3/19,1070.945994
2019/3/20,1068.468704
2019/3/21,1069.684224
2019/3/22,1059.626114
2019/3/25,1047.711378
2019/3/26,1050.44608
2019/3/27,1044.099487
2019/3/28,1045.2146
2019/3/29,1058.127161
2019/4/1,1070.087598
2019/4/2,1071.140055
2019/4/3,1079.798117
2019/4/4,1080.727422
2019/4/8,1088.497528
2019/4/9,1093.438837
2019/4/10,1096.049433
2019/4/11,1087.49223
2019/4/12,1089.085666
2019/4/15,1086.222802
2019/4/16,1093.553235
2019/4/17,1096.394223
2019/4/18,1092.51601
2019/4/19,1092.524182
2019/4/22,1089.026282
2019/4/23,1089.763587
2019/4/24,1084.515239
2019/4/25,1076.714351
2019/4/26,1078.062802
2019/4/29,1082.910935
2019/4/30,1079.235079
2019/5/6,1062.641574
2019/5/7,1057.054857
2019/5/8,1050.935798
2019/5/9,1028.398405
2019/5/10,1033.436502
2019/5/13,1016.494883
2019/5/14,1014.482646
2019/5/15,1015.969649
2019/5/16,1011.145366
2019/5/17,996.391195
2019/5/20,994.076994
2019/5/21,998.969227
2019/5/22,997.999569
2019/5/23,984.807722
2019/5/24,986.648268
2019/5/27,989.150928
2019/5/28,988.155502
2019/5/29,985.439288
2019/5/30,994.927127
2019/5/31,997.997713
2019/6/3,1008.341008
2019/6/4,1005.4278
2019/6/5,1004.679533
2019/6/6,1002.749812
2019/6/10,1022.032025
2019/6/11,1031.852215
2019/6/12,1026.236754
2019/6/13,1022.083804
2019/6/14,1015.080017
2019/6/17,1010.969597
2019/6/18,1023.908493
2019/6/19,1038.27126
2019/6/20,1053.784272
2019/6/21,1053.224666
2019/6/24,1053.058046
2019/6/25,1045.30284
2019/6/26,1047.909612
2019/6/27,1054.860345
2019/6/28,1054.855844
2019/7/1,1064.086153
2019/7/2,1063.642662
2019/7/3,1059.632252
2019/7/4,1064.626182
2019/7/5,1059.92539
2019/7/8,1046.245043
2019/7/9,1042.472235
2019/7/10,1048.949785
2019/7/11,1055.151785
2019/7/12,1050.904724
2019/7/15,1057.74857
2019/7/16,1060.383789
2019/7/17,1054.895615
2019/7/18,1051.720129
2019/7/19,1057.492144
2019/7/22,1053.810745
2019/7/23,1055.485598
2019/7/24,1055.343472
2019/7/25,1054.28512
2019/7/26,1048.663699
2019/7/29,1045.725092
2019/7/30,1043.14466
2019/7/31,1037.009265
2019/8/1,1024.560892
2019/8/2,1003.757444
2019/8/5,972.997902
2019/8/6,972.672765
2019/8/7,972.653283
2019/8/8,984.297814
2019/8/9,981.194056
2019/8/12,974.476754
2019/8/13,968.867127
2019/8/14,964.427695
2019/8/15,963.521467
2019/8/16,970.270724
2019/8/19,977.73283
2019/8/20,980.110456
2019/8/21,983.140117
2019/8/22,975.660403
2019/8/23,973.661747
2019/8/26,960.81261
2019/8/27,964.591019
2019/8/28,965.345566
2019/8/29,970.076671
2019/8/30,984.334048
2019/9/2,983.763541
2019/9/3,973.274747
2019/9/4,990.608031
2019/9/5,1003.00749
2019/9/6,1007.961103
2019/9/9,1010.584763
2019/9/10,1008.126513
2019/9/11,1017.044059
2019/9/12,1022.325412
2019/9/16,1027.082795
2019/9/17,1018.925562
2019/9/18,1021.363007
2019/9/19,1016.566364
2019/9/20,1021.265334
2019/9/23,1015.23226
2019/9/24,1011.352
2019/9/25,1005.563536
2019/9/26,1009.296634
2019/9/27,1001.498561
2019/9/30,1000.996227
2019/10/8,993.947589
2019/10/9,993.012283
2019/10/10,996.499535
2019/10/11,1011.544457
2019/10/14,1017.451464
2019/10/15,1019.247273
2019/10/16,1024.084521
2019/10/17,1028.388589
2019/10/18,1024.023283
2019/10/21,1028.506006
2019/10/22,1034.076882
2019/10/23,1030.947137
2019/10/24,1037.408168
2019/10/25,1035.837798
2019/10/28,1042.968273
2019/10/29,1043.727427
2019/10/30,1041.497726
2019/10/31,1041.980986
2019/11/1,1049.189825
2019/11/4,1064.54809
2019/11/5,1071.221386
2019/11/6,1068.865786
2019/11/7,1073.572493
2019/11/8,1064.84594
2019/11/11,1052.880778
2019/11/12,1055.833248
2019/11/13,1043.82704
2019/11/14,1042.254934
2019/11/15,1048.79139
2019/11/18,1052.115052
2019/11/19,1057.157992
2019/11/20,1052.000452
2019/11/21,1044.577178
2019/11/22,1048.546105
2019/11/25,1053.471636
2019/11/26,1047.835609
2019/11/27,1052.927791
2019/11/28,1050.391653
2019/11/29,1040.045391
2019/12/2,1040.215428
2019/12/3,1037.378558
2019/12/4,1036.566684
2019/12/5,1042.846752
2019/12/6,1048.958219
2019/12/9,1051.112086
2019/12/10,1049.501115
2019/12/11,1058.229342
2019/12/12,1070.710509
2019/12/13,1086.913406
2019/12/16,1087.956211
2019/12/17,1102.608551
2019/12/18,1109.183804
2019/12/19,1106.628802
2019/12/20,1107.643054
2019/12/23,1111.638567
2019/12/24,1109.072887
2019/12/25,1109.140532
2019/12/26,1112.083892
2019/12/27,1118.608998
2019/12/30,1118.421787
2019/12/31,1114.659873
2020/1/2,1128.012082
2020/1/3,1123.865243
2020/1/6,1112.528769
2020/1/7,1115.836349
2020/1/8,1111.398985
2020/1/9,1129.370399
2020/1/10,1133.631657
2020/1/13,1144.002121
2020/1/14,1143.863393
2020/1/15,1137.983076
2020/1/16,1140.620883
2020/1/17,1146.828989
2020/1/20,1145.677791
2020/1/21,1126.849875
2020/1/22,1133.402875
2020/1/23,1122.193585
2020/2/3,1060.321045
2020/2/4,1085.393522
2020/2/5,1089.404935
2020/2/6,1102.385338
2020/2/7,1091.644691
2020/2/10,1086.929593
2020/2/11,1099.408215
2020/2/12,1109.696531
2020/2/13,1106.069984
2020/2/14,1106.304198
2020/2/17,1107.993606
2020/2/18,1095.661355
2020/2/19,1103.691665
2020/2/20,1095.315312
2020/2/21,1084.217815
2020/2/24,1055.321592
2020/2/25,1056.543045
2020/2/26,1043.314109
2020/2/27,1030.670155
2020/2/28,1005.515796
2020/3/2,1017.030671
2020/3/3,1027.815637
2020/3/4,1037.807507
2020/3/5,1039.339539
2020/3/6,1012.083953
2020/3/9,947.921337
2020/3/10,964.547662
2020/3/11,946.623325
2020/3/12,883.125967
2020/3/13,891.19463
2020/3/16,833.180844
2020/3/17,826.679332
2020/3/18,787.811755
2020/3/19,766.411177
2020/3/20,803.230731
2020/3/23,758.204101
2020/3/24,801.656617
2020/3/25,836.538486
2020/3/26,851.275145
2020/3/27,842.539914
2020/3/30,832.023275
2020/3/31,848.576929
2020/4/1,827.260443
2020/4/2,838.527666
2020/4/3,831.722546
2020/4/7,878.151778
2020/4/8,873.847487
2020/4/9,887.584117
2020/4/10,888.159568
2020/4/13,883.142177
2020/4/14,896.285017
2020/4/15,888.140723
2020/4/16,884.858064
2020/4/17,901.31301
2020/4/20,899.32606
2020/4/21,878.237517
2020/4/22,888.635832
2020/4/23,891.813851
2020/4/24,879.410621
2020/4/27,895.328335
2020/4/28,902.700002
2020/4/29,919.655364
2020/4/30,924.936512
2020/5/6,898.697702
2020/5/7,896.887234
2020/5/8,911.652891
2020/5/11,915.900042
2020/5/12,909.306913
2020/5/13,909.196713
2020/5/14,900.874265
2020/5/15,901.163807
2020/5/18,912.571301
2020/5/19,925.215359
2020/5/20,931.499963
2020/5/21,930.010261
2020/5/22,905.253741
2020/5/25,911.40564
2020/5/26,926.652541
2020/5/27,927.364543
2020/5/28,925.339379
2020/5/29,930.353774
2020/6/1,951.478544
2020/6/2,967.480655
2020/6/3,988.015157
2020/6/4,988.797905
2020/6/5,1002.654049
2020/6/8,1007.45919
2020/6/9,1009.60981
2020/6/10,1012.511908
2020/6/11,993.589346
2020/6/12,987.012565
2020/6/15,966.321372
2020/6/16,989.866624
2020/6/17,994.619244
2020/6/18,995.176709
2020/6/19,1001.357157
2020/6/22,1000.191169
2020/6/23,1014.620571
2020/6/24,1010.79335
2020/6/29,993.956865
2020/6/30,995.098332
2020/7/1,1001.075235
2020/7/2,1023.47581
2020/7/3,1033.087731
2020/7/6,1060.497294
2020/7/7,1052.542941
2020/7/8,1070.138647
2020/7/9,1079.688827
2020/7/10,1069.27258
2020/7/13,1071.363687
2020/7/14,1059.523845
2020/7/15,1066.285245
2020/7/16,1046.028087
2020/7/17,1055.060992
2020/7/20,1064.50145
2020/7/21,1085.858865
2020/7/22,1077.780046
2020/7/23,1077.599282
2020/7/24,1060.474346
2020/7/27,1073.144018
2020/7/28,1082.019483
2020/7/29,1086.620202
2020/7/30,1082.061067
2020/7/31,1078.918666
2020/8/3,1077.866549
2020/8/4,1089.582091
2020/8/5,1103.025563
2020/8/6,1106.581246
2020/8/7,1089.319026
2020/8/10,1086.447224
2020/8/11,1091.228858
2020/8/12,1093.976111
2020/8/13,1096.182868
2020/8/14,1093.15527
2020/8/17,1099.96238
2020/8/18,1104.96101
2020/8/19,1099.411609
2020/8/20,1080.536697
2020/8/21,1091.850043
2020/8/24,1108.229769
2020/8/25,1114.724092
2020/8/26,1119.338465
2020/8/27,1117.219022
2020/8/28,1121.600014
2020/8/31,1101.498665
2020/9/1,1120.016314
2020/9/2,1118.898943
2020/9/3,1108.85184
2020/9/4,1099.499343
2020/9/7,1094.563457
2020/9/8,1087.506155
2020/9/9,1085.746692
2020/9/10,1085.314436
2020/9/11,1091.791036
2020/9/14,1104.266245
2020/9/15,1112.619346
2020/9/16,1116.994059
2020/9/17,1106.81907
2020/9/18,1108.531577
2020/9/21,1090.349573
2020/9/22,1082.865359
2020/9/23,1077.698209
2020/9/24,1057.741967
2020/9/25,1059.101546
2020/9/28,1069.876625
2020/9/29,1068.787761
2020/9/30,1081.996075
2020/10/9,1122.505422
2020/10/12,1137.167343
2020/10/13,1136.415143
2020/10/14,1135.557002
2020/10/15,1120.541417
2020/10/16,1124.08059
2020/10/19,1127.276824
2020/10/20,1133.941167
2020/10/21,1137.907953
2020/10/22,1136.542201
2020/10/23,1136.445723
2020/10/26,1130.645421
2020/10/27,1133.990254
2020/10/28,1120.750855
2020/10/29,1120.104584
2020/10/30,1103.458245
2020/11/2,1114.758348
2020/11/3,1120.882219
2020/11/4,1135.258338
2020/11/5,1166.227402
2020/11/6,1176.360933
2020/11/9,1192.373095
2020/11/10,1179.92348
2020/11/11,1178.85559
2020/11/12,1182.09912
2020/11/13,1188.346374
2020/11/16,1203.041601
2020/11/17,1201.428863
2020/11/18,1207.547118
2020/11/19,1200.443904
2020/11/20,1209.258357
2020/11/23,1220.517498
2020/11/24,1225.993747
2020/11/25,1218.285797
2020/11/26,1229.580887
2020/11/27,1230.722307
2020/11/30,1205.067741
2020/12/1,1224.00323
2020/12/2,1228.708788
2020/12/3,1239.460889
2020/12/4,1251.036957
2020/12/7,1253.390143
2020/12/8,1254.231278
2020/12/9,1255.853085
2020/12/10,1255.028424
2020/12/11,1257.66107
2020/12/14,1250.446073
2020/12/15,1250.210773
2020/12/16,1263.817582
2020/12/17,1272.959305
2020/12/18,1268.362535
2020/12/21,1257.007453
2020/12/22,1248.70452
2020/12/23,1258.095478
2020/12/24,1253.531489
2020/12/25,1255.202334
2020/12/28,1252.326976
2020/12/29,1266.767113
2020/12/30,1289.033876
2020/12/31,1291.263514
2021/1/4,1304.427863
2021/1/5,1319.971017
2021/1/6,1315.325096
2021/1/7,1322.296099
2021/1/8,1353.530654
2021/1/11,1349.595318
2021/1/12,1353.571512
2021/1/13,1364.071475
2021/1/14,1370.75613
2021/1/15,1358.029638
2021/1/18,1358.978015
2021/1/19,1381.308384
2021/1/20,1400.96875
2021/1/21,1406.06539
2021/1/22,1392.853036
2021/1/25,1410.200119
2021/1/26,1388.759456
2021/1/27,1371.415072
2021/1/28,1350.588039
2021/1/29,1329.565794
2021/2/1,1361.090965
2021/2/2,1381.187728
2021/2/3,1392.638927
2021/2/4,1387.614398
2021/2/5,1395.350096
2021/2/8,1399.814657
2021/2/9,1409.135255
2021/2/10,1422.944765
2021/2/18,1425.127029
2021/2/19,1430.025802
2021/2/22,1397.665334
2021/2/23,1398.202076
2021/2/24,1376.763355
2021/2/25,1383.810763
2021/2/26,1339.258698
2021/3/1,1362.46502
2021/3/2,1359.64796
2021/3/3,1378.018603
2021/3/4,1346.342253
2021/3/5,1339.314292
2021/3/8,1308.138652
2021/3/9,1317.854371
2021/3/10,1324.898503
2021/3/11,1357.596585
2021/3/12,1348.203124
2021/3/15,1340.246816
2021/3/16,1349.067375
2021/3/17,1342.79941
2021/3/18,1347.327642
2021/3/19,1336.838806
2021/3/22,1336.272185
2021/3/23,1323.767225
2021/3/24,1298.43947
2021/3/25,1288.418493
2021/3/26,1307.476119
2021/3/29,1310.113373
2021/3/30,1319.496317
2021/3/31,1316.425392
2021/4/1,1335.235501
2021/4/2,1338.226377
2021/4/6,1346.906504
2021/4/7,1338.758564
2021/4/8,1343.356334
2021/4/9,1330.362915
2021/4/12,1322.314906
2021/4/13,1323.945263
2021/4/14,1336.587128
2021/4/15,1341.086987
2021/4/16,1348.693239
2021/4/19,1348.551861
2021/4/20,1347.606449
2021/4/21,1336.864755
2021/4/22,1341.42603
2021/4/23,1353.020229
2021/4/26,1360.638135
2021/4/27,1361.957312
2021/4/28,1364.960942
2021/4/29,1364.539182
2021/4/30,1347.611538
2021/5/6,1340.796608
2021/5/7,1348.570309
2021/5/10,1346.354146
2021/5/11,1329.080906
2021/5/12,1315.248848
2021/5/13,1292.782124
2021/5/14,1307.533693
2021/5/17,1311.453855
2021/5/18,1333.181671
2021/5/19,1327.537997
2021/5/20,1329.305746
2021/5/21,1330.041443
2021/5/24,1326.678242
2021/5/25,1345.492651
2021/5/26,1351.952351
2021/5/27,1354.31428
2021/5/28,1360.782132
2021/5/31,1376.207777
2021/6/1,1390.846106
2021/6/2,1388.465631
2021/6/3,1383.573209
2021/6/4,1381.558717
2021/6/7,1380.591734
2021/6/8,1377.432104
2021/6/9,1372.804352
2021/6/10,1378.849995
2021/6/11,1381.9922
2021/6/15,1378.266963
2021/6/16,1369.99969
2021/6/17,1362.884878
2021/6/18,1361.24558
2021/6/21,1350.52269
2021/6/22,1346.840478
2021/6/23,1360.495058
2021/6/24,1367.394064
2021/6/25,1379.586474
2021/6/28,1380.901846
2021/6/29,1377.148647
2021/6/30,1374.637403
2021/7/1,1368.219298
2021/7/2,1355.383136
2021/7/5,1354.465212
2021/7/6,1346.577862
2021/7/7,1340.679739
2021/7/8,1316.246786
2021/7/9,1318.174554
2021/7/12,1326.828778
2021/7/13,1339.513664
2021/7/14,1338.132431
2021/7/15,1348.483666
2021/7/16,1340.081503
2021/7/19,1317.219978
2021/7/20,1311.07429
2021/7/21,1312.149804
2021/7/22,1326.376527
2021/7/23,1311.302425
2021/7/26,1279.986531
2021/7/27,1252.432714
2021/7/28,1268.207123
2021/7/29,1295.412154
2021/7/30,1277.804958
2021/8/2,1293.111166
2021/8/3,1294.178285
2021/8/4,1303.990846
2021/8/5,1300.093401
2021/8/6,1292.530116
2021/8/9,1294.204292
2021/8/10,1300.331919
2021/8/11,1297.583501
2021/8/12,1290.91153
2021/8/13,1280.862878
2021/8/16,1272.187495
2021/8/17,1255.778044
2021/8/18,1261.600124
2021/8/19,1232.413436
2021/8/20,1220.778494
2021/8/23,1237.531487
2021/8/24,1270.010978
2021/8/25,1275.305659
2021/8/26,1266.134393
2021/8/27,1272.672844
2021/8/30,1285.389647
2021/8/31,1308.670457
2021/9/1,1312.441392
2021/9/2,1311.912658
2021/9/3,1315.91436
2021/9/6,1324.371893
2021/9/7,1325.646978
2021/9/8,1313.603377
2021/9/9,1299.969452
2021/9/10,1308.942264
2021/9/13,1301.543991
2021/9/14,1296.147265
2021/9/15,1288.678121
2021/9/16,1276.780011
2021/9/17,1279.345642
2021/9/22,1262.790734
2021/9/23,1272.521426
2021/9/24,1265.10193
2021/9/27,1267.358832
2021/9/28,1260.886033
2021/9/29,1251.281642
2021/9/30,1253.097343
2021/10/8,1257.042376
2021/10/11,1265.654078
2021/10/12,1253.62926
2021/10/13,1260.228871
2021/10/14,1266.668723
2021/10/15,1283.6716
2021/10/18,1283.017335
2021/10/19,1294.565609
2021/10/20,1301.12884
2021/10/21,1293.001535
2021/10/22,1293.14
2021/10/25,1297.259363
2021/10/26,1296.059801
2021/10/27,1282.88513
2021/10/28,1276.068076
2021/10/29,1264.754127
2021/11/1,1264.535113
2021/11/2,1263.956022
2021/11/3,1262.459174
2021/11/4,1268.45086
2021/11/5,1264.065499
2021/11/8,1268.822958
2021/11/9,1272.954799
2021/11/10,1274.390378
2021/11/11,1281.396725
2021/11/12,1285.479066
2021/11/15,1286.815409
2021/11/16,1290.547826
2021/11/17,1286.869852
2021/11/18,1273.870027
2021/11/19,1269.222404
2021/11/22,1261.55728
2021/11/23,1255.390461
2021/11/24,1253.152419
2021/11/25,1254.688344
2021/11/26,1223.131533
2021/11/29,1218.987491
2021/11/30,1212.42018
2021/12/1,1226.809891
2021/12/2,1236.194361
2021/12/3,1224.643741
2021/12/6,1213.958473
2021/12/7,1235.559589
2021/12/8,1241.009794
2021/12/9,1247.713024
2021/12/10,1238.535014
2021/12/13,1230.60735
2021/12/14,1222.099619
2021/12/15,1214.496057
